episode_id,order,graph_seed,policy_seed,horizon,champion_auc,stage3_auc,delta,champion_auc_fraction,stage3_auc_fraction,delta_fraction,champion_best_total_witnesses,stage3_best_total_witnesses,champion_accepted_count,stage3_accepted_count,champion_duplicate_count,stage3_duplicate_count,champion_first_improvement_step,stage3_first_improvement_step,first_difference_step,curve_difference_area_fraction,curve_difference_steps,initial_total_capped_witnesses,witness_transition_summary,canonical_episode_sha256,champion_program_id,champion_source_sha256,champion_normalized_ast_sha256,stage3_source_sha256,stage3_normalized_ast_sha256
o10-g0451-p4501,10,451,4501,32,0.95,0.9375,0.0125,19/20,15/16,1/80,0,0,3,3,34,27,0,0,3,2/5,1,5,"[{""champion_normalized"":1.0,""champion_raw"":0,""normalized_difference"":""2/5"",""stage3_normalized"":0.6,""stage3_raw"":2,""step"":3}]",18a3a1c428f501019cd099e6978ecf1c73f2115dd3ee0dab9eace53b2bf932ea,program-d5ad1c8203e0d9f25f03aabd,e444562c1b308e3b23cb732be5f769ea1923ac1809501cea8571318c4aff0a7b,2243214df58c805e9a9343dc31ed082279e1c2ac31b21243bf889dbc9a19e165,a5f540459695bbf7d454eeccbb8e48158d6130df6a769b67d1447de18276dc01,cef05bb644e2e0a9acbc4972fbaa6d4ba3e033ee8a73ecd756da44100c767f5c
o10-g0451-p4502,10,451,4502,32,0.9875,0.95,0.0375,79/80,19/20,3/80,0,0,2,3,23,33,0,0,0,6/5,3,5,"[{""champion_normalized"":0.6,""champion_raw"":2,""normalized_difference"":""2/5"",""stage3_normalized"":0.2,""stage3_raw"":4,""step"":0},{""champion_normalized"":1.0,""champion_raw"":0,""normalized_difference"":""2/5"",""stage3_normalized"":0.6,""stage3_raw"":2,""step"":1},{""champion_normalized"":1.0,""champion_raw"":0,""normalized_difference"":""2/5"",""stage3_normalized"":0.6,""stage3_raw"":2,""step"":2}]",5dabad994afff8a43650530da928ea776513ffc18a41c3ed4f337a7335fac54f,program-d5ad1c8203e0d9f25f03aabd,e444562c1b308e3b23cb732be5f769ea1923ac1809501cea8571318c4aff0a7b,2243214df58c805e9a9343dc31ed082279e1c2ac31b21243bf889dbc9a19e165,a5f540459695bbf7d454eeccbb8e48158d6130df6a769b67d1447de18276dc01,cef05bb644e2e0a9acbc4972fbaa6d4ba3e033ee8a73ecd756da44100c767f5c
o10-g0451-p4503,10,451,4503,32,0.75,0.95,-0.2,3/4,19/20,-1/5,0,0,2,3,16,22,0,0,0,-32/5,19,5,"[{""champion_normalized"":0.6,""champion_raw"":2,""normalized_difference"":""1/5"",""stage3_normalized"":0.4,""stage3_raw"":3,""step"":0},{""champion_normalized"":0.6,""champion_raw"":2,""normalized_difference"":""1/5"",""stage3_normalized"":0.4,""stage3_raw"":3,""step"":1},{""champion_normalized"":0.6,""champion_raw"":2,""normalized_difference"":""-2/5"",""stage3_normalized"":1.0,""stage3_raw"":0,""step"":3},{""champion_normalized"":0.6,""champion_raw"":2,""normalized_difference"":""-2/5"",""stage3_normalized"":1.0,""stage3_raw"":0,""step"":4},{""champion_normalized"":0.6,""champion_raw"":2,""normalized_difference"":""-2/5"",""stage3_normalized"":1.0,""stage3_raw"":0,""step"":5},{""champion_normalized"":0.6,""champion_raw"":2,""normalized_difference"":""-2/5"",""stage3_normalized"":1.0,""stage3_raw"":0,""step"":6},{""champion_normalized"":0.6,""champion_raw"":2,""normalized_difference"":""-2/5"",""stage3_normalized"":1.0,""stage3_raw"":0,""step"":7},{""champion_normalized"":0.6,""champion_raw"":2,""normalized_difference"":""-2/5"",""stage3_normalized"":1.0,""stage3_raw"":0,""step"":8},{""champion_normalized"":0.6,""champion_raw"":2,""normalized_difference"":""-2/5"",""stage3_normalized"":1.0,""stage3_raw"":0,""step"":9},{""champion_normalized"":0.6,""champion_raw"":2,""normalized_difference"":""-2/5"",""stage3_normalized"":1.0,""stage3_raw"":0,""step"":10},{""champion_normalized"":0.6,""champion_raw"":2,""normalized_difference"":""-2/5"",""stage3_normalized"":1.0,""stage3_raw"":0,""step"":11},{""champion_normalized"":0.6,""champion_raw"":2,""normalized_difference"":""-2/5"",""stage3_normalized"":1.0,""stage3_raw"":0,""step"":12},{""champion_normalized"":0.6,""champion_raw"":2,""normalized_difference"":""-2/5"",""stage3_normalized"":1.0,""stage3_raw"":0,""step"":13},{""champion_normalized"":0.6,""champion_raw"":2,""normalized_difference"":""-2/5"",""stage3_normalized"":1.0,""stage3_raw"":0,""step"":14},{""champion_normalized"":0.6,""champion_raw"":2,""normalized_difference"":""-2/5"",""stage3_normalized"":1.0,""stage3_raw"":0,""step"":15},{""champion_normalized"":0.6,""champion_raw"":2,""normalized_difference"":""-2/5"",""stage3_normalized"":1.0,""stage3_raw"":0,""step"":16},{""champion_normalized"":0.6,""champion_raw"":2,""normalized_difference"":""-2/5"",""stage3_normalized"":1.0,""stage3_raw"":0,""step"":17},{""champion_normalized"":0.6,""champion_raw"":2,""normalized_difference"":""-2/5"",""stage3_normalized"":1.0,""stage3_raw"":0,""step"":18},{""champion_normalized"":0.6,""champion_raw"":2,""normalized_difference"":""-2/5"",""stage3_normalized"":1.0,""stage3_raw"":0,""step"":19}]",a0da425dfb5c2e77837328dce8d9c6658de4f191e1072d510ac7046c0d4ad0e2,program-d5ad1c8203e0d9f25f03aabd,e444562c1b308e3b23cb732be5f769ea1923ac1809501cea8571318c4aff0a7b,2243214df58c805e9a9343dc31ed082279e1c2ac31b21243bf889dbc9a19e165,a5f540459695bbf7d454eeccbb8e48158d6130df6a769b67d1447de18276dc01,cef05bb644e2e0a9acbc4972fbaa6d4ba3e033ee8a73ecd756da44100c767f5c
o10-g0451-p4504,10,451,4504,32,0.93125,0.93125,0.0,149/160,149/160,0,0,0,3,3,21,21,0,0,,0,0,5,[],fa29659c68a26c8d193fd0088eb3bdb5ded0ae57ccd5f76049e003a33c600288,program-d5ad1c8203e0d9f25f03aabd,e444562c1b308e3b23cb732be5f769ea1923ac1809501cea8571318c4aff0a7b,2243214df58c805e9a9343dc31ed082279e1c2ac31b21243bf889dbc9a19e165,a5f540459695bbf7d454eeccbb8e48158d6130df6a769b67d1447de18276dc01,cef05bb644e2e0a9acbc4972fbaa6d4ba3e033ee8a73ecd756da44100c767f5c
o10-g0451-p4505,10,451,4505,32,0.825,0.98125,-0.15625,33/40,157/160,-5/32,0,0,2,3,51,22,0,0,1,-5,13,5,"[{""champion_normalized"":0.6,""champion_raw"":2,""normalized_difference"":""-1/5"",""stage3_normalized"":0.8,""stage3_raw"":1,""step"":1},{""champion_normalized"":0.6,""champion_raw"":2,""normalized_difference"":""-2/5"",""stage3_normalized"":1.0,""stage3_raw"":0,""step"":2},{""champion_normalized"":0.6,""champion_raw"":2,""normalized_difference"":""-2/5"",""stage3_normalized"":1.0,""stage3_raw"":0,""step"":3},{""champion_normalized"":0.6,""champion_raw"":2,""normalized_difference"":""-2/5"",""stage3_normalized"":1.0,""stage3_raw"":0,""step"":4},{""champion_normalized"":0.6,""champion_raw"":2,""normalized_difference"":""-2/5"",""stage3_normalized"":1.0,""stage3_raw"":0,""step"":5},{""champion_normalized"":0.6,""champion_raw"":2,""normalized_difference"":""-2/5"",""stage3_normalized"":1.0,""stage3_raw"":0,""step"":6},{""champion_normalized"":0.6,""champion_raw"":2,""normalized_difference"":""-2/5"",""stage3_normalized"":1.0,""stage3_raw"":0,""step"":7},{""champion_normalized"":0.6,""champion_raw"":2,""normalized_difference"":""-2/5"",""stage3_normalized"":1.0,""stage3_raw"":0,""step"":8},{""champion_normalized"":0.6,""champion_raw"":2,""normalized_difference"":""-2/5"",""stage3_normalized"":1.0,""stage3_raw"":0,""step"":9},{""champion_normalized"":0.6,""champion_raw"":2,""normalized_difference"":""-2/5"",""stage3_normalized"":1.0,""stage3_raw"":0,""step"":10},{""champion_normalized"":0.6,""champion_raw"":2,""normalized_difference"":""-2/5"",""stage3_normalized"":1.0,""stage3_raw"":0,""step"":11},{""champion_normalized"":0.6,""champion_raw"":2,""normalized_difference"":""-2/5"",""stage3_normalized"":1.0,""stage3_raw"":0,""step"":12},{""champion_normalized"":0.6,""champion_raw"":2,""normalized_difference"":""-2/5"",""stage3_normalized"":1.0,""stage3_raw"":0,""step"":13}]",9b4cb392c59fdfe900d734bbf2f1b11dba334424c718f6bac3affba78051915a,program-d5ad1c8203e0d9f25f03aabd,e444562c1b308e3b23cb732be5f769ea1923ac1809501cea8571318c4aff0a7b,2243214df58c805e9a9343dc31ed082279e1c2ac31b21243bf889dbc9a19e165,a5f540459695bbf7d454eeccbb8e48158d6130df6a769b67d1447de18276dc01,cef05bb644e2e0a9acbc4972fbaa6d4ba3e033ee8a73ecd756da44100c767f5c
o10-g0451-p4506,10,451,4506,32,0.93125,0.86875,0.0625,149/160,139/160,1/16,0,0,2,3,49,44,1,1,1,2,5,5,"[{""champion_normalized"":0.6,""champion_raw"":2,""normalized_difference"":""2/5"",""stage3_normalized"":0.2,""stage3_raw"":4,""step"":1},{""champion_normalized"":1.0,""champion_raw"":0,""normalized_difference"":""2/5"",""stage3_normalized"":0.6,""stage3_raw"":2,""step"":4},{""champion_normalized"":1.0,""champion_raw"":0,""normalized_difference"":""2/5"",""stage3_normalized"":0.6,""stage3_raw"":2,""step"":5},{""champion_normalized"":1.0,""champion_raw"":0,""normalized_difference"":""2/5"",""stage3_normalized"":0.6,""stage3_raw"":2,""step"":6},{""champion_normalized"":1.0,""champion_raw"":0,""normalized_difference"":""2/5"",""stage3_normalized"":0.6,""stage3_raw"":2,""step"":7}]",2e3d792efd815291ae1da292240f8243b26e680b63f07986c6d75181e8e228e5,program-d5ad1c8203e0d9f25f03aabd,e444562c1b308e3b23cb732be5f769ea1923ac1809501cea8571318c4aff0a7b,2243214df58c805e9a9343dc31ed082279e1c2ac31b21243bf889dbc9a19e165,a5f540459695bbf7d454eeccbb8e48158d6130df6a769b67d1447de18276dc01,cef05bb644e2e0a9acbc4972fbaa6d4ba3e033ee8a73ecd756da44100c767f5c
o10-g0451-p4507,10,451,4507,32,0.975,0.86875,0.10625,39/40,139/160,17/160,0,0,2,3,29,37,0,0,0,17/5,9,5,"[{""champion_normalized"":0.6,""champion_raw"":2,""normalized_difference"":""1/5"",""stage3_normalized"":0.4,""stage3_raw"":3,""step"":0},{""champion_normalized"":1.0,""champion_raw"":0,""normalized_difference"":""2/5"",""stage3_normalized"":0.6,""stage3_raw"":2,""step"":2},{""champion_normalized"":1.0,""champion_raw"":0,""normalized_difference"":""2/5"",""stage3_normalized"":0.6,""stage3_raw"":2,""step"":3},{""champion_normalized"":1.0,""champion_raw"":0,""normalized_difference"":""2/5"",""stage3_normalized"":0.6,""stage3_raw"":2,""step"":4},{""champion_normalized"":1.0,""champion_raw"":0,""normalized_difference"":""2/5"",""stage3_normalized"":0.6,""stage3_raw"":2,""step"":5},{""champion_normalized"":1.0,""champion_raw"":0,""normalized_difference"":""2/5"",""stage3_normalized"":0.6,""stage3_raw"":2,""step"":6},{""champion_normalized"":1.0,""champion_raw"":0,""normalized_difference"":""2/5"",""stage3_normalized"":0.6,""stage3_raw"":2,""step"":7},{""champion_normalized"":1.0,""champion_raw"":0,""normalized_difference"":""2/5"",""stage3_normalized"":0.6,""stage3_raw"":2,""step"":8},{""champion_normalized"":1.0,""champion_raw"":0,""normalized_difference"":""2/5"",""stage3_normalized"":0.6,""stage3_raw"":2,""step"":9}]",2f66647e90917a028d90c96e4c3d524001d8b941122877d55dbc5e5b70d6e680,program-d5ad1c8203e0d9f25f03aabd,e444562c1b308e3b23cb732be5f769ea1923ac1809501cea8571318c4aff0a7b,2243214df58c805e9a9343dc31ed082279e1c2ac31b21243bf889dbc9a19e165,a5f540459695bbf7d454eeccbb8e48158d6130df6a769b67d1447de18276dc01,cef05bb644e2e0a9acbc4972fbaa6d4ba3e033ee8a73ecd756da44100c767f5c
o10-g0451-p4508,10,451,4508,32,0.88125,0.90625,-0.025,141/160,29/32,-1/40,0,0,3,3,51,29,0,1,0,-4/5,9,5,"[{""champion_normalized"":0.4,""champion_raw"":3,""normalized_difference"":""2/5"",""stage3_normalized"":0.0,""stage3_raw"":5,""step"":0},{""champion_normalized"":0.6,""champion_raw"":2,""normalized_difference"":""1/5"",""stage3_normalized"":0.4,""stage3_raw"":3,""step"":1},{""champion_normalized"":0.6,""champion_raw"":2,""normalized_difference"":""-1/5"",""stage3_normalized"":0.8,""stage3_raw"":1,""step"":2},{""champion_normalized"":0.6,""champion_raw"":2,""normalized_difference"":""-1/5"",""stage3_normalized"":0.8,""stage3_raw"":1,""step"":3},{""champion_normalized"":0.6,""champion_raw"":2,""normalized_difference"":""-1/5"",""stage3_normalized"":0.8,""stage3_raw"":1,""step"":4},{""champion_normalized"":0.6,""champion_raw"":2,""normalized_difference"":""-1/5"",""stage3_normalized"":0.8,""stage3_raw"":1,""step"":5},{""champion_normalized"":0.6,""champion_raw"":2,""normalized_difference"":""-1/5"",""stage3_normalized"":0.8,""stage3_raw"":1,""step"":6},{""champion_normalized"":0.6,""champion_raw"":2,""normalized_difference"":""-1/5"",""stage3_normalized"":0.8,""stage3_raw"":1,""step"":7},{""champion_normalized"":0.6,""champion_raw"":2,""normalized_difference"":""-1/5"",""stage3_normalized"":0.8,""stage3_raw"":1,""step"":8}]",518c6ded17a8f921adb48e3d50d0ed9d9067870dd0325493eaafbed8bc160165,program-d5ad1c8203e0d9f25f03aabd,e444562c1b308e3b23cb732be5f769ea1923ac1809501cea8571318c4aff0a7b,2243214df58c805e9a9343dc31ed082279e1c2ac31b21243bf889dbc9a19e165,a5f540459695bbf7d454eeccbb8e48158d6130df6a769b67d1447de18276dc01,cef05bb644e2e0a9acbc4972fbaa6d4ba3e033ee8a73ecd756da44100c767f5c
o10-g0451-p4509,10,451,4509,32,0.93125,0.8,0.13125,149/160,4/5,21/160,0,0,3,3,21,21,0,0,2,21/5,12,5,"[{""champion_normalized"":0.4,""champion_raw"":3,""normalized_difference"":""-1/5"",""stage3_normalized"":0.6,""stage3_raw"":2,""step"":2},{""champion_normalized"":1.0,""champion_raw"":0,""normalized_difference"":""2/5"",""stage3_normalized"":0.6,""stage3_raw"":2,""step"":4},{""champion_normalized"":1.0,""champion_raw"":0,""normalized_difference"":""2/5"",""stage3_normalized"":0.6,""stage3_raw"":2,""step"":5},{""champion_normalized"":1.0,""champion_raw"":0,""normalized_difference"":""2/5"",""stage3_normalized"":0.6,""stage3_raw"":2,""step"":6},{""champion_normalized"":1.0,""champion_raw"":0,""normalized_difference"":""2/5"",""stage3_normalized"":0.6,""stage3_raw"":2,""step"":7},{""champion_normalized"":1.0,""champion_raw"":0,""normalized_difference"":""2/5"",""stage3_normalized"":0.6,""stage3_raw"":2,""step"":8},{""champion_normalized"":1.0,""champion_raw"":0,""normalized_difference"":""2/5"",""stage3_normalized"":0.6,""stage3_raw"":2,""step"":9},{""champion_normalized"":1.0,""champion_raw"":0,""normalized_difference"":""2/5"",""stage3_normalized"":0.6,""stage3_raw"":2,""step"":10},{""champion_normalized"":1.0,""champion_raw"":0,""normalized_difference"":""2/5"",""stage3_normalized"":0.6,""stage3_raw"":2,""step"":11},{""champion_normalized"":1.0,""champion_raw"":0,""normalized_difference"":""2/5"",""stage3_normalized"":0.6,""stage3_raw"":2,""step"":12},{""champion_normalized"":1.0,""champion_raw"":0,""normalized_difference"":""2/5"",""stage3_normalized"":0.6,""stage3_raw"":2,""step"":13},{""champion_normalized"":1.0,""champion_raw"":0,""normalized_difference"":""2/5"",""stage3_normalized"":0.6,""stage3_raw"":2,""step"":14}]",c6c17f767633fadf67dcd2d484335d6d845ad50cd80cc4085b56467e749de371,program-d5ad1c8203e0d9f25f03aabd,e444562c1b308e3b23cb732be5f769ea1923ac1809501cea8571318c4aff0a7b,2243214df58c805e9a9343dc31ed082279e1c2ac31b21243bf889dbc9a19e165,a5f540459695bbf7d454eeccbb8e48158d6130df6a769b67d1447de18276dc01,cef05bb644e2e0a9acbc4972fbaa6d4ba3e033ee8a73ecd756da44100c767f5c
o10-g0451-p4510,10,451,4510,32,0.9625,0.98125,-0.01875,77/80,157/160,-3/160,0,0,3,2,25,34,0,0,0,-3/5,2,5,"[{""champion_normalized"":0.2,""champion_raw"":4,""normalized_difference"":""-1/5"",""stage3_normalized"":0.4,""stage3_raw"":3,""step"":0},{""champion_normalized"":0.6,""champion_raw"":2,""normalized_difference"":""-2/5"",""stage3_normalized"":1.0,""stage3_raw"":0,""step"":1}]",616ba38460e37ed29f1d3f0746dc3e0353a4d6cac49799794feb0a4edae46e10,program-d5ad1c8203e0d9f25f03aabd,e444562c1b308e3b23cb732be5f769ea1923ac1809501cea8571318c4aff0a7b,2243214df58c805e9a9343dc31ed082279e1c2ac31b21243bf889dbc9a19e165,a5f540459695bbf7d454eeccbb8e48158d6130df6a769b67d1447de18276dc01,cef05bb644e2e0a9acbc4972fbaa6d4ba3e033ee8a73ecd756da44100c767f5c
o10-g0451-p4511,10,451,4511,32,0.95625,0.95625,0.0,153/160,153/160,0,0,0,2,2,26,26,0,0,,0,0,5,[],f5cac225fdfa05fe0d476ac6cb20ed46f756f31216c2d359bdbd5f4a6bfa1c20,program-d5ad1c8203e0d9f25f03aabd,e444562c1b308e3b23cb732be5f769ea1923ac1809501cea8571318c4aff0a7b,2243214df58c805e9a9343dc31ed082279e1c2ac31b21243bf889dbc9a19e165,a5f540459695bbf7d454eeccbb8e48158d6130df6a769b67d1447de18276dc01,cef05bb644e2e0a9acbc4972fbaa6d4ba3e033ee8a73ecd756da44100c767f5c
o10-g0451-p4512,10,451,4512,32,0.9625,0.9625,0.0,77/80,77/80,0,0,0,4,4,17,17,0,0,,0,0,5,[],dc17686a5fcaedc6e73270840ab9d75d9162d03e5a0f88b21738685f2eae17fa,program-d5ad1c8203e0d9f25f03aabd,e444562c1b308e3b23cb732be5f769ea1923ac1809501cea8571318c4aff0a7b,2243214df58c805e9a9343dc31ed082279e1c2ac31b21243bf889dbc9a19e165,a5f540459695bbf7d454eeccbb8e48158d6130df6a769b67d1447de18276dc01,cef05bb644e2e0a9acbc4972fbaa6d4ba3e033ee8a73ecd756da44100c767f5c
o10-g0451-p4513,10,451,4513,32,0.89375,0.89375,0.0,143/160,143/160,0,0,0,2,2,20,20,1,1,,0,0,5,[],dc97a4f7f146e2e4911639a41910648b9680a21de1bc02d964d607a628e17aa6,program-d5ad1c8203e0d9f25f03aabd,e444562c1b308e3b23cb732be5f769ea1923ac1809501cea8571318c4aff0a7b,2243214df58c805e9a9343dc31ed082279e1c2ac31b21243bf889dbc9a19e165,a5f540459695bbf7d454eeccbb8e48158d6130df6a769b67d1447de18276dc01,cef05bb644e2e0a9acbc4972fbaa6d4ba3e033ee8a73ecd756da44100c767f5c
o10-g0451-p4514,10,451,4514,32,0.90625,0.58125,0.325,29/32,93/160,13/40,0,2,3,1,39,37,0,1,0,52/5,27,5,"[{""champion_normalized"":0.6,""champion_raw"":2,""normalized_difference"":""3/5"",""stage3_normalized"":0.0,""stage3_raw"":5,""step"":0},{""champion_normalized"":0.8,""champion_raw"":1,""normalized_difference"":""1/5"",""stage3_normalized"":0.6,""stage3_raw"":2,""step"":6},{""champion_normalized"":0.8,""champion_raw"":1,""normalized_difference"":""1/5"",""stage3_normalized"":0.6,""stage3_raw"":2,""step"":7},{""champion_normalized"":0.8,""champion_raw"":1,""normalized_difference"":""1/5"",""stage3_normalized"":0.6,""stage3_raw"":2,""step"":8},{""champion_normalized"":1.0,""champion_raw"":0,""normalized_difference"":""2/5"",""stage3_normalized"":0.6,""stage3_raw"":2,""step"":9},{""champion_normalized"":1.0,""champion_raw"":0,""normalized_difference"":""2/5"",""stage3_normalized"":0.6,""stage3_raw"":2,""step"":10},{""champion_normalized"":1.0,""champion_raw"":0,""normalized_difference"":""2/5"",""stage3_normalized"":0.6,""stage3_raw"":2,""step"":11},{""champion_normalized"":1.0,""champion_raw"":0,""normalized_difference"":""2/5"",""stage3_normalized"":0.6,""stage3_raw"":2,""step"":12},{""champion_normalized"":1.0,""champion_raw"":0,""normalized_difference"":""2/5"",""stage3_normalized"":0.6,""stage3_raw"":2,""step"":13},{""champion_normalized"":1.0,""champion_raw"":0,""normalized_difference"":""2/5"",""stage3_normalized"":0.6,""stage3_raw"":2,""step"":14},{""champion_normalized"":1.0,""champion_raw"":0,""normalized_difference"":""2/5"",""stage3_normalized"":0.6,""stage3_raw"":2,""step"":15},{""champion_normalized"":1.0,""champion_raw"":0,""normalized_difference"":""2/5"",""stage3_normalized"":0.6,""stage3_raw"":2,""step"":16},{""champion_normalized"":1.0,""champion_raw"":0,""normalized_difference"":""2/5"",""stage3_normalized"":0.6,""stage3_raw"":2,""step"":17},{""champion_normalized"":1.0,""champion_raw"":0,""normalized_difference"":""2/5"",""stage3_normalized"":0.6,""stage3_raw"":2,""step"":18},{""champion_normalized"":1.0,""champion_raw"":0,""normalized_difference"":""2/5"",""stage3_normalized"":0.6,""stage3_raw"":2,""step"":19},{""champion_normalized"":1.0,""champion_raw"":0,""normalized_difference"":""2/5"",""stage3_normalized"":0.6,""stage3_raw"":2,""step"":20},{""champion_normalized"":1.0,""champion_raw"":0,""normalized_difference"":""2/5"",""stage3_normalized"":0.6,""stage3_raw"":2,""step"":21},{""champion_normalized"":1.0,""champion_raw"":0,""normalized_difference"":""2/5"",""stage3_normalized"":0.6,""stage3_raw"":2,""step"":22},{""champion_normalized"":1.0,""champion_raw"":0,""normalized_difference"":""2/5"",""stage3_normalized"":0.6,""stage3_raw"":2,""step"":23},{""champion_normalized"":1.0,""champion_raw"":0,""normalized_difference"":""2/5"",""stage3_normalized"":0.6,""stage3_raw"":2,""step"":24},{""champion_normalized"":1.0,""champion_raw"":0,""normalized_difference"":""2/5"",""stage3_normalized"":0.6,""stage3_raw"":2,""step"":25},{""champion_normalized"":1.0,""champion_raw"":0,""normalized_difference"":""2/5"",""stage3_normalized"":0.6,""stage3_raw"":2,""step"":26},{""champion_normalized"":1.0,""champion_raw"":0,""normalized_difference"":""2/5"",""stage3_normalized"":0.6,""stage3_raw"":2,""step"":27},{""champion_normalized"":1.0,""champion_raw"":0,""normalized_difference"":""2/5"",""stage3_normalized"":0.6,""stage3_raw"":2,""step"":28},{""champion_normalized"":1.0,""champion_raw"":0,""normalized_difference"":""2/5"",""stage3_normalized"":0.6,""stage3_raw"":2,""step"":29},{""champion_normalized"":1.0,""champion_raw"":0,""normalized_difference"":""2/5"",""stage3_normalized"":0.6,""stage3_raw"":2,""step"":30},{""champion_normalized"":1.0,""champion_raw"":0,""normalized_difference"":""2/5"",""stage3_normalized"":0.6,""stage3_raw"":2,""step"":31}]",be84a0ca0e4caa8190c2f7711776d41088538e4e7768694f3d7b402726f5675a,program-d5ad1c8203e0d9f25f03aabd,e444562c1b308e3b23cb732be5f769ea1923ac1809501cea8571318c4aff0a7b,2243214df58c805e9a9343dc31ed082279e1c2ac31b21243bf889dbc9a19e165,a5f540459695bbf7d454eeccbb8e48158d6130df6a769b67d1447de18276dc01,cef05bb644e2e0a9acbc4972fbaa6d4ba3e033ee8a73ecd756da44100c767f5c
o10-g0451-p4515,10,451,4515,32,0.96875,0.96875,0.0,31/32,31/32,0,0,0,3,3,20,17,0,0,,0,0,5,[],1ff7e93e343300b5566ec7f391dfe38f8bd4fc2b4a3bc730c6d16815d4b7ff67,program-d5ad1c8203e0d9f25f03aabd,e444562c1b308e3b23cb732be5f769ea1923ac1809501cea8571318c4aff0a7b,2243214df58c805e9a9343dc31ed082279e1c2ac31b21243bf889dbc9a19e165,a5f540459695bbf7d454eeccbb8e48158d6130df6a769b67d1447de18276dc01,cef05bb644e2e0a9acbc4972fbaa6d4ba3e033ee8a73ecd756da44100c767f5c
o10-g0451-p4516,10,451,4516,32,0.96875,0.96875,0.0,31/32,31/32,0,0,0,1,1,29,29,1,1,,0,0,5,[],7ece79ca6c348b97e461eebae526ee0edd7ee776931be0184f5064be32c24508,program-d5ad1c8203e0d9f25f03aabd,e444562c1b308e3b23cb732be5f769ea1923ac1809501cea8571318c4aff0a7b,2243214df58c805e9a9343dc31ed082279e1c2ac31b21243bf889dbc9a19e165,a5f540459695bbf7d454eeccbb8e48158d6130df6a769b67d1447de18276dc01,cef05bb644e2e0a9acbc4972fbaa6d4ba3e033ee8a73ecd756da44100c767f5c
o10-g0452-p4501,10,452,4501,32,0.95,0.6,0.35,19/20,3/5,7/20,0,2,2,1,56,20,0,0,4,56/5,28,5,"[{""champion_normalized"":1.0,""champion_raw"":0,""normalized_difference"":""2/5"",""stage3_normalized"":0.6,""stage3_raw"":2,""step"":4},{""champion_normalized"":1.0,""champion_raw"":0,""normalized_difference"":""2/5"",""stage3_normalized"":0.6,""stage3_raw"":2,""step"":5},{""champion_normalized"":1.0,""champion_raw"":0,""normalized_difference"":""2/5"",""stage3_normalized"":0.6,""stage3_raw"":2,""step"":6},{""champion_normalized"":1.0,""champion_raw"":0,""normalized_difference"":""2/5"",""stage3_normalized"":0.6,""stage3_raw"":2,""step"":7},{""champion_normalized"":1.0,""champion_raw"":0,""normalized_difference"":""2/5"",""stage3_normalized"":0.6,""stage3_raw"":2,""step"":8},{""champion_normalized"":1.0,""champion_raw"":0,""normalized_difference"":""2/5"",""stage3_normalized"":0.6,""stage3_raw"":2,""step"":9},{""champion_normalized"":1.0,""champion_raw"":0,""normalized_difference"":""2/5"",""stage3_normalized"":0.6,""stage3_raw"":2,""step"":10},{""champion_normalized"":1.0,""champion_raw"":0,""normalized_difference"":""2/5"",""stage3_normalized"":0.6,""stage3_raw"":2,""step"":11},{""champion_normalized"":1.0,""champion_raw"":0,""normalized_difference"":""2/5"",""stage3_normalized"":0.6,""stage3_raw"":2,""step"":12},{""champion_normalized"":1.0,""champion_raw"":0,""normalized_difference"":""2/5"",""stage3_normalized"":0.6,""stage3_raw"":2,""step"":13},{""champion_normalized"":1.0,""champion_raw"":0,""normalized_difference"":""2/5"",""stage3_normalized"":0.6,""stage3_raw"":2,""step"":14},{""champion_normalized"":1.0,""champion_raw"":0,""normalized_difference"":""2/5"",""stage3_normalized"":0.6,""stage3_raw"":2,""step"":15},{""champion_normalized"":1.0,""champion_raw"":0,""normalized_difference"":""2/5"",""stage3_normalized"":0.6,""stage3_raw"":2,""step"":16},{""champion_normalized"":1.0,""champion_raw"":0,""normalized_difference"":""2/5"",""stage3_normalized"":0.6,""stage3_raw"":2,""step"":17},{""champion_normalized"":1.0,""champion_raw"":0,""normalized_difference"":""2/5"",""stage3_normalized"":0.6,""stage3_raw"":2,""step"":18},{""champion_normalized"":1.0,""champion_raw"":0,""normalized_difference"":""2/5"",""stage3_normalized"":0.6,""stage3_raw"":2,""step"":19},{""champion_normalized"":1.0,""champion_raw"":0,""normalized_difference"":""2/5"",""stage3_normalized"":0.6,""stage3_raw"":2,""step"":20},{""champion_normalized"":1.0,""champion_raw"":0,""normalized_difference"":""2/5"",""stage3_normalized"":0.6,""stage3_raw"":2,""step"":21},{""champion_normalized"":1.0,""champion_raw"":0,""normalized_difference"":""2/5"",""stage3_normalized"":0.6,""stage3_raw"":2,""step"":22},{""champion_normalized"":1.0,""champion_raw"":0,""normalized_difference"":""2/5"",""stage3_normalized"":0.6,""stage3_raw"":2,""step"":23},{""champion_normalized"":1.0,""champion_raw"":0,""normalized_difference"":""2/5"",""stage3_normalized"":0.6,""stage3_raw"":2,""step"":24},{""champion_normalized"":1.0,""champion_raw"":0,""normalized_difference"":""2/5"",""stage3_normalized"":0.6,""stage3_raw"":2,""step"":25},{""champion_normalized"":1.0,""champion_raw"":0,""normalized_difference"":""2/5"",""stage3_normalized"":0.6,""stage3_raw"":2,""step"":26},{""champion_normalized"":1.0,""champion_raw"":0,""normalized_difference"":""2/5"",""stage3_normalized"":0.6,""stage3_raw"":2,""step"":27},{""champion_normalized"":1.0,""champion_raw"":0,""normalized_difference"":""2/5"",""stage3_normalized"":0.6,""stage3_raw"":2,""step"":28},{""champion_normalized"":1.0,""champion_raw"":0,""normalized_difference"":""2/5"",""stage3_normalized"":0.6,""stage3_raw"":2,""step"":29},{""champion_normalized"":1.0,""champion_raw"":0,""normalized_difference"":""2/5"",""stage3_normalized"":0.6,""stage3_raw"":2,""step"":30},{""champion_normalized"":1.0,""champion_raw"":0,""normalized_difference"":""2/5"",""stage3_normalized"":0.6,""stage3_raw"":2,""step"":31}]",52924108c902e52fe883e316aec087f2efcd52002554480f51954584d43fc9b6,program-d5ad1c8203e0d9f25f03aabd,e444562c1b308e3b23cb732be5f769ea1923ac1809501cea8571318c4aff0a7b,2243214df58c805e9a9343dc31ed082279e1c2ac31b21243bf889dbc9a19e165,a5f540459695bbf7d454eeccbb8e48158d6130df6a769b67d1447de18276dc01,cef05bb644e2e0a9acbc4972fbaa6d4ba3e033ee8a73ecd756da44100c767f5c
o10-g0452-p4502,10,452,4502,32,0.94375,0.94375,0.0,151/160,151/160,0,0,0,3,3,16,16,0,0,,0,0,5,[],3987692ff10666b7609bdd321ede9f61496899ededa0bac633302d0b0852488d,program-d5ad1c8203e0d9f25f03aabd,e444562c1b308e3b23cb732be5f769ea1923ac1809501cea8571318c4aff0a7b,2243214df58c805e9a9343dc31ed082279e1c2ac31b21243bf889dbc9a19e165,a5f540459695bbf7d454eeccbb8e48158d6130df6a769b67d1447de18276dc01,cef05bb644e2e0a9acbc4972fbaa6d4ba3e033ee8a73ecd756da44100c767f5c
o10-g0452-p4503,10,452,4503,32,0.95625,0.84375,0.1125,153/160,27/32,9/80,0,0,2,2,35,46,1,1,2,18/5,9,5,"[{""champion_normalized"":1.0,""champion_raw"":0,""normalized_difference"":""2/5"",""stage3_normalized"":0.6,""stage3_raw"":2,""step"":2},{""champion_normalized"":1.0,""champion_raw"":0,""normalized_difference"":""2/5"",""stage3_normalized"":0.6,""stage3_raw"":2,""step"":3},{""champion_normalized"":1.0,""champion_raw"":0,""normalized_difference"":""2/5"",""stage3_normalized"":0.6,""stage3_raw"":2,""step"":4},{""champion_normalized"":1.0,""champion_raw"":0,""normalized_difference"":""2/5"",""stage3_normalized"":0.6,""stage3_raw"":2,""step"":5},{""champion_normalized"":1.0,""champion_raw"":0,""normalized_difference"":""2/5"",""stage3_normalized"":0.6,""stage3_raw"":2,""step"":6},{""champion_normalized"":1.0,""champion_raw"":0,""normalized_difference"":""2/5"",""stage3_normalized"":0.6,""stage3_raw"":2,""step"":7},{""champion_normalized"":1.0,""champion_raw"":0,""normalized_difference"":""2/5"",""stage3_normalized"":0.6,""stage3_raw"":2,""step"":8},{""champion_normalized"":1.0,""champion_raw"":0,""normalized_difference"":""2/5"",""stage3_normalized"":0.6,""stage3_raw"":2,""step"":9},{""champion_normalized"":1.0,""champion_raw"":0,""normalized_difference"":""2/5"",""stage3_normalized"":0.6,""stage3_raw"":2,""step"":10}]",8fd9bbb6893d92f7effe4680046b4806edebdc05f5cb83827d4e15b1a8bd9826,program-d5ad1c8203e0d9f25f03aabd,e444562c1b308e3b23cb732be5f769ea1923ac1809501cea8571318c4aff0a7b,2243214df58c805e9a9343dc31ed082279e1c2ac31b21243bf889dbc9a19e165,a5f540459695bbf7d454eeccbb8e48158d6130df6a769b67d1447de18276dc01,cef05bb644e2e0a9acbc4972fbaa6d4ba3e033ee8a73ecd756da44100c767f5c
o10-g0452-p4504,10,452,4504,32,0.8875,0.9875,-0.1,71/80,79/80,-1/10,0,0,2,2,56,31,0,0,1,-16/5,8,5,"[{""champion_normalized"":0.6,""champion_raw"":2,""normalized_difference"":""-2/5"",""stage3_normalized"":1.0,""stage3_raw"":0,""step"":1},{""champion_normalized"":0.6,""champion_raw"":2,""normalized_difference"":""-2/5"",""stage3_normalized"":1.0,""stage3_raw"":0,""step"":2},{""champion_normalized"":0.6,""champion_raw"":2,""normalized_difference"":""-2/5"",""stage3_normalized"":1.0,""stage3_raw"":0,""step"":3},{""champion_normalized"":0.6,""champion_raw"":2,""normalized_difference"":""-2/5"",""stage3_normalized"":1.0,""stage3_raw"":0,""step"":4},{""champion_normalized"":0.6,""champion_raw"":2,""normalized_difference"":""-2/5"",""stage3_normalized"":1.0,""stage3_raw"":0,""step"":5},{""champion_normalized"":0.6,""champion_raw"":2,""normalized_difference"":""-2/5"",""stage3_normalized"":1.0,""stage3_raw"":0,""step"":6},{""champion_normalized"":0.6,""champion_raw"":2,""normalized_difference"":""-2/5"",""stage3_normalized"":1.0,""stage3_raw"":0,""step"":7},{""champion_normalized"":0.6,""champion_raw"":2,""normalized_difference"":""-2/5"",""stage3_normalized"":1.0,""stage3_raw"":0,""step"":8}]",e90ccaab4d89257331cad60a55cfad2c84d55f160df77952e0101e4498b701c2,program-d5ad1c8203e0d9f25f03aabd,e444562c1b308e3b23cb732be5f769ea1923ac1809501cea8571318c4aff0a7b,2243214df58c805e9a9343dc31ed082279e1c2ac31b21243bf889dbc9a19e165,a5f540459695bbf7d454eeccbb8e48158d6130df6a769b67d1447de18276dc01,cef05bb644e2e0a9acbc4972fbaa6d4ba3e033ee8a73ecd756da44100c767f5c
o10-g0452-p4505,10,452,4505,32,0.975,0.875,0.1,39/40,7/8,1/10,0,0,2,2,30,40,0,0,2,16/5,8,5,"[{""champion_normalized"":1.0,""champion_raw"":0,""normalized_difference"":""2/5"",""stage3_normalized"":0.6,""stage3_raw"":2,""step"":2},{""champion_normalized"":1.0,""champion_raw"":0,""normalized_difference"":""2/5"",""stage3_normalized"":0.6,""stage3_raw"":2,""step"":3},{""champion_normalized"":1.0,""champion_raw"":0,""normalized_difference"":""2/5"",""stage3_normalized"":0.6,""stage3_raw"":2,""step"":4},{""champion_normalized"":1.0,""champion_raw"":0,""normalized_difference"":""2/5"",""stage3_normalized"":0.6,""stage3_raw"":2,""step"":5},{""champion_normalized"":1.0,""champion_raw"":0,""normalized_difference"":""2/5"",""stage3_normalized"":0.6,""stage3_raw"":2,""step"":6},{""champion_normalized"":1.0,""champion_raw"":0,""normalized_difference"":""2/5"",""stage3_normalized"":0.6,""stage3_raw"":2,""step"":7},{""champion_normalized"":1.0,""champion_raw"":0,""normalized_difference"":""2/5"",""stage3_normalized"":0.6,""stage3_raw"":2,""step"":8},{""champion_normalized"":1.0,""champion_raw"":0,""normalized_difference"":""2/5"",""stage3_normalized"":0.6,""stage3_raw"":2,""step"":9}]",cf00a679624e875d2d7d294e6833b4494e5871ed8488ff5aea725884aca7ff39,program-d5ad1c8203e0d9f25f03aabd,e444562c1b308e3b23cb732be5f769ea1923ac1809501cea8571318c4aff0a7b,2243214df58c805e9a9343dc31ed082279e1c2ac31b21243bf889dbc9a19e165,a5f540459695bbf7d454eeccbb8e48158d6130df6a769b67d1447de18276dc01,cef05bb644e2e0a9acbc4972fbaa6d4ba3e033ee8a73ecd756da44100c767f5c
o10-g0452-p4506,10,452,4506,32,1.0,1.0,0.0,1,1,0,0,0,1,1,20,20,0,0,,0,0,5,[],50236492cdfb2831591085cd28d32dd1718c4fa20f836954eddeb4209cfcf122,program-d5ad1c8203e0d9f25f03aabd,e444562c1b308e3b23cb732be5f769ea1923ac1809501cea8571318c4aff0a7b,2243214df58c805e9a9343dc31ed082279e1c2ac31b21243bf889dbc9a19e165,a5f540459695bbf7d454eeccbb8e48158d6130df6a769b67d1447de18276dc01,cef05bb644e2e0a9acbc4972fbaa6d4ba3e033ee8a73ecd756da44100c767f5c
o10-g0452-p4507,10,452,4507,32,0.93125,0.94375,-0.0125,149/160,151/160,-1/80,0,0,4,3,35,20,0,0,4,-2/5,2,5,"[{""champion_normalized"":0.8,""champion_raw"":1,""normalized_difference"":""-1/5"",""stage3_normalized"":1.0,""stage3_raw"":0,""step"":4},{""champion_normalized"":0.8,""champion_raw"":1,""normalized_difference"":""-1/5"",""stage3_normalized"":1.0,""stage3_raw"":0,""step"":5}]",fa5843e11aa9f86dd4b83b33819ceb62a89a775bf4a4de70bda68cf5bc36a624,program-d5ad1c8203e0d9f25f03aabd,e444562c1b308e3b23cb732be5f769ea1923ac1809501cea8571318c4aff0a7b,2243214df58c805e9a9343dc31ed082279e1c2ac31b21243bf889dbc9a19e165,a5f540459695bbf7d454eeccbb8e48158d6130df6a769b67d1447de18276dc01,cef05bb644e2e0a9acbc4972fbaa6d4ba3e033ee8a73ecd756da44100c767f5c
o10-g0452-p4508,10,452,4508,32,0.95625,0.6,0.35625,153/160,3/5,57/160,0,2,3,1,28,22,0,0,3,57/5,29,5,"[{""champion_normalized"":0.8,""champion_raw"":1,""normalized_difference"":""1/5"",""stage3_normalized"":0.6,""stage3_raw"":2,""step"":3},{""champion_normalized"":1.0,""champion_raw"":0,""normalized_difference"":""2/5"",""stage3_normalized"":0.6,""stage3_raw"":2,""step"":4},{""champion_normalized"":1.0,""champion_raw"":0,""normalized_difference"":""2/5"",""stage3_normalized"":0.6,""stage3_raw"":2,""step"":5},{""champion_normalized"":1.0,""champion_raw"":0,""normalized_difference"":""2/5"",""stage3_normalized"":0.6,""stage3_raw"":2,""step"":6},{""champion_normalized"":1.0,""champion_raw"":0,""normalized_difference"":""2/5"",""stage3_normalized"":0.6,""stage3_raw"":2,""step"":7},{""champion_normalized"":1.0,""champion_raw"":0,""normalized_difference"":""2/5"",""stage3_normalized"":0.6,""stage3_raw"":2,""step"":8},{""champion_normalized"":1.0,""champion_raw"":0,""normalized_difference"":""2/5"",""stage3_normalized"":0.6,""stage3_raw"":2,""step"":9},{""champion_normalized"":1.0,""champion_raw"":0,""normalized_difference"":""2/5"",""stage3_normalized"":0.6,""stage3_raw"":2,""step"":10},{""champion_normalized"":1.0,""champion_raw"":0,""normalized_difference"":""2/5"",""stage3_normalized"":0.6,""stage3_raw"":2,""step"":11},{""champion_normalized"":1.0,""champion_raw"":0,""normalized_difference"":""2/5"",""stage3_normalized"":0.6,""stage3_raw"":2,""step"":12},{""champion_normalized"":1.0,""champion_raw"":0,""normalized_difference"":""2/5"",""stage3_normalized"":0.6,""stage3_raw"":2,""step"":13},{""champion_normalized"":1.0,""champion_raw"":0,""normalized_difference"":""2/5"",""stage3_normalized"":0.6,""stage3_raw"":2,""step"":14},{""champion_normalized"":1.0,""champion_raw"":0,""normalized_difference"":""2/5"",""stage3_normalized"":0.6,""stage3_raw"":2,""step"":15},{""champion_normalized"":1.0,""champion_raw"":0,""normalized_difference"":""2/5"",""stage3_normalized"":0.6,""stage3_raw"":2,""step"":16},{""champion_normalized"":1.0,""champion_raw"":0,""normalized_difference"":""2/5"",""stage3_normalized"":0.6,""stage3_raw"":2,""step"":17},{""champion_normalized"":1.0,""champion_raw"":0,""normalized_difference"":""2/5"",""stage3_normalized"":0.6,""stage3_raw"":2,""step"":18},{""champion_normalized"":1.0,""champion_raw"":0,""normalized_difference"":""2/5"",""stage3_normalized"":0.6,""stage3_raw"":2,""step"":19},{""champion_normalized"":1.0,""champion_raw"":0,""normalized_difference"":""2/5"",""stage3_normalized"":0.6,""stage3_raw"":2,""step"":20},{""champion_normalized"":1.0,""champion_raw"":0,""normalized_difference"":""2/5"",""stage3_normalized"":0.6,""stage3_raw"":2,""step"":21},{""champion_normalized"":1.0,""champion_raw"":0,""normalized_difference"":""2/5"",""stage3_normalized"":0.6,""stage3_raw"":2,""step"":22},{""champion_normalized"":1.0,""champion_raw"":0,""normalized_difference"":""2/5"",""stage3_normalized"":0.6,""stage3_raw"":2,""step"":23},{""champion_normalized"":1.0,""champion_raw"":0,""normalized_difference"":""2/5"",""stage3_normalized"":0.6,""stage3_raw"":2,""step"":24},{""champion_normalized"":1.0,""champion_raw"":0,""normalized_difference"":""2/5"",""stage3_normalized"":0.6,""stage3_raw"":2,""step"":25},{""champion_normalized"":1.0,""champion_raw"":0,""normalized_difference"":""2/5"",""stage3_normalized"":0.6,""stage3_raw"":2,""step"":26},{""champion_normalized"":1.0,""champion_raw"":0,""normalized_difference"":""2/5"",""stage3_normalized"":0.6,""stage3_raw"":2,""step"":27},{""champion_normalized"":1.0,""champion_raw"":0,""normalized_difference"":""2/5"",""stage3_normalized"":0.6,""stage3_raw"":2,""step"":28},{""champion_normalized"":1.0,""champion_raw"":0,""normalized_difference"":""2/5"",""stage3_normalized"":0.6,""stage3_raw"":2,""step"":29},{""champion_normalized"":1.0,""champion_raw"":0,""normalized_difference"":""2/5"",""stage3_normalized"":0.6,""stage3_raw"":2,""step"":30},{""champion_normalized"":1.0,""champion_raw"":0,""normalized_difference"":""2/5"",""stage3_normalized"":0.6,""stage3_raw"":2,""step"":31}]",032ade6111403851de8f4bd9d011ac1fca684c46d0a89af11ed4b319405f92b2,program-d5ad1c8203e0d9f25f03aabd,e444562c1b308e3b23cb732be5f769ea1923ac1809501cea8571318c4aff0a7b,2243214df58c805e9a9343dc31ed082279e1c2ac31b21243bf889dbc9a19e165,a5f540459695bbf7d454eeccbb8e48158d6130df6a769b67d1447de18276dc01,cef05bb644e2e0a9acbc4972fbaa6d4ba3e033ee8a73ecd756da44100c767f5c
o10-g0452-p4509,10,452,4509,32,0.975,0.975,0.0,39/40,39/40,0,0,0,2,3,22,13,0,0,1,0,2,5,"[{""champion_normalized"":0.6,""champion_raw"":2,""normalized_difference"":""-1/5"",""stage3_normalized"":0.8,""stage3_raw"":1,""step"":1},{""champion_normalized"":1.0,""champion_raw"":0,""normalized_difference"":""1/5"",""stage3_normalized"":0.8,""stage3_raw"":1,""step"":2}]",9f2030589ee2bc0e2ba6be250c949892c97b051abe0c45b5b50defcaf19be707,program-d5ad1c8203e0d9f25f03aabd,e444562c1b308e3b23cb732be5f769ea1923ac1809501cea8571318c4aff0a7b,2243214df58c805e9a9343dc31ed082279e1c2ac31b21243bf889dbc9a19e165,a5f540459695bbf7d454eeccbb8e48158d6130df6a769b67d1447de18276dc01,cef05bb644e2e0a9acbc4972fbaa6d4ba3e033ee8a73ecd756da44100c767f5c
o10-g0452-p4510,10,452,4510,32,0.9875,0.9875,0.0,79/80,79/80,0,0,0,2,2,22,22,0,0,,0,0,5,[],ba17f6c099926ff40c695c28c543cb1064f331e6ac8d544bff67f6db64b9ec6b,program-d5ad1c8203e0d9f25f03aabd,e444562c1b308e3b23cb732be5f769ea1923ac1809501cea8571318c4aff0a7b,2243214df58c805e9a9343dc31ed082279e1c2ac31b21243bf889dbc9a19e165,a5f540459695bbf7d454eeccbb8e48158d6130df6a769b67d1447de18276dc01,cef05bb644e2e0a9acbc4972fbaa6d4ba3e033ee8a73ecd756da44100c767f5c
o10-g0452-p4511,10,452,4511,32,0.8,0.5875,0.2125,4/5,47/80,17/80,0,2,2,2,14,20,0,0,0,34/5,17,5,"[{""champion_normalized"":0.6,""champion_raw"":2,""normalized_difference"":""2/5"",""stage3_normalized"":0.2,""stage3_raw"":4,""step"":0},{""champion_normalized"":1.0,""champion_raw"":0,""normalized_difference"":""2/5"",""stage3_normalized"":0.6,""stage3_raw"":2,""step"":16},{""champion_normalized"":1.0,""champion_raw"":0,""normalized_difference"":""2/5"",""stage3_normalized"":0.6,""stage3_raw"":2,""step"":17},{""champion_normalized"":1.0,""champion_raw"":0,""normalized_difference"":""2/5"",""stage3_normalized"":0.6,""stage3_raw"":2,""step"":18},{""champion_normalized"":1.0,""champion_raw"":0,""normalized_difference"":""2/5"",""stage3_normalized"":0.6,""stage3_raw"":2,""step"":19},{""champion_normalized"":1.0,""champion_raw"":0,""normalized_difference"":""2/5"",""stage3_normalized"":0.6,""stage3_raw"":2,""step"":20},{""champion_normalized"":1.0,""champion_raw"":0,""normalized_difference"":""2/5"",""stage3_normalized"":0.6,""stage3_raw"":2,""step"":21},{""champion_normalized"":1.0,""champion_raw"":0,""normalized_difference"":""2/5"",""stage3_normalized"":0.6,""stage3_raw"":2,""step"":22},{""champion_normalized"":1.0,""champion_raw"":0,""normalized_difference"":""2/5"",""stage3_normalized"":0.6,""stage3_raw"":2,""step"":23},{""champion_normalized"":1.0,""champion_raw"":0,""normalized_difference"":""2/5"",""stage3_normalized"":0.6,""stage3_raw"":2,""step"":24},{""champion_normalized"":1.0,""champion_raw"":0,""normalized_difference"":""2/5"",""stage3_normalized"":0.6,""stage3_raw"":2,""step"":25},{""champion_normalized"":1.0,""champion_raw"":0,""normalized_difference"":""2/5"",""stage3_normalized"":0.6,""stage3_raw"":2,""step"":26},{""champion_normalized"":1.0,""champion_raw"":0,""normalized_difference"":""2/5"",""stage3_normalized"":0.6,""stage3_raw"":2,""step"":27},{""champion_normalized"":1.0,""champion_raw"":0,""normalized_difference"":""2/5"",""stage3_normalized"":0.6,""stage3_raw"":2,""step"":28},{""champion_normalized"":1.0,""champion_raw"":0,""normalized_difference"":""2/5"",""stage3_normalized"":0.6,""stage3_raw"":2,""step"":29},{""champion_normalized"":1.0,""champion_raw"":0,""normalized_difference"":""2/5"",""stage3_normalized"":0.6,""stage3_raw"":2,""step"":30},{""champion_normalized"":1.0,""champion_raw"":0,""normalized_difference"":""2/5"",""stage3_normalized"":0.6,""stage3_raw"":2,""step"":31}]",76ef03361efff1fd8830c5cfb46badb5dbbb450e0fca83aedaa829ad9268ddae,program-d5ad1c8203e0d9f25f03aabd,e444562c1b308e3b23cb732be5f769ea1923ac1809501cea8571318c4aff0a7b,2243214df58c805e9a9343dc31ed082279e1c2ac31b21243bf889dbc9a19e165,a5f540459695bbf7d454eeccbb8e48158d6130df6a769b67d1447de18276dc01,cef05bb644e2e0a9acbc4972fbaa6d4ba3e033ee8a73ecd756da44100c767f5c
o10-g0452-p4512,10,452,4512,32,0.7,0.8875,-0.1875,7/10,71/80,-3/16,0,0,2,2,51,36,0,0,9,-6,15,5,"[{""champion_normalized"":0.6,""champion_raw"":2,""normalized_difference"":""-2/5"",""stage3_normalized"":1.0,""stage3_raw"":0,""step"":9},{""champion_normalized"":0.6,""champion_raw"":2,""normalized_difference"":""-2/5"",""stage3_normalized"":1.0,""stage3_raw"":0,""step"":10},{""champion_normalized"":0.6,""champion_raw"":2,""normalized_difference"":""-2/5"",""stage3_normalized"":1.0,""stage3_raw"":0,""step"":11},{""champion_normalized"":0.6,""champion_raw"":2,""normalized_difference"":""-2/5"",""stage3_normalized"":1.0,""stage3_raw"":0,""step"":12},{""champion_normalized"":0.6,""champion_raw"":2,""normalized_difference"":""-2/5"",""stage3_normalized"":1.0,""stage3_raw"":0,""step"":13},{""champion_normalized"":0.6,""champion_raw"":2,""normalized_difference"":""-2/5"",""stage3_normalized"":1.0,""stage3_raw"":0,""step"":14},{""champion_normalized"":0.6,""champion_raw"":2,""normalized_difference"":""-2/5"",""stage3_normalized"":1.0,""stage3_raw"":0,""step"":15},{""champion_normalized"":0.6,""champion_raw"":2,""normalized_difference"":""-2/5"",""stage3_normalized"":1.0,""stage3_raw"":0,""step"":16},{""champion_normalized"":0.6,""champion_raw"":2,""normalized_difference"":""-2/5"",""stage3_normalized"":1.0,""stage3_raw"":0,""step"":17},{""champion_normalized"":0.6,""champion_raw"":2,""normalized_difference"":""-2/5"",""stage3_normalized"":1.0,""stage3_raw"":0,""step"":18},{""champion_normalized"":0.6,""champion_raw"":2,""normalized_difference"":""-2/5"",""stage3_normalized"":1.0,""stage3_raw"":0,""step"":19},{""champion_normalized"":0.6,""champion_raw"":2,""normalized_difference"":""-2/5"",""stage3_normalized"":1.0,""stage3_raw"":0,""step"":20},{""champion_normalized"":0.6,""champion_raw"":2,""normalized_difference"":""-2/5"",""stage3_normalized"":1.0,""stage3_raw"":0,""step"":21},{""champion_normalized"":0.6,""champion_raw"":2,""normalized_difference"":""-2/5"",""stage3_normalized"":1.0,""stage3_raw"":0,""step"":22},{""champion_normalized"":0.6,""champion_raw"":2,""normalized_difference"":""-2/5"",""stage3_normalized"":1.0,""stage3_raw"":0,""step"":23}]",37dd34d6bfffb359848d2535551b806ee498614554bb6c8cdea7525a411bc2d6,program-d5ad1c8203e0d9f25f03aabd,e444562c1b308e3b23cb732be5f769ea1923ac1809501cea8571318c4aff0a7b,2243214df58c805e9a9343dc31ed082279e1c2ac31b21243bf889dbc9a19e165,a5f540459695bbf7d454eeccbb8e48158d6130df6a769b67d1447de18276dc01,cef05bb644e2e0a9acbc4972fbaa6d4ba3e033ee8a73ecd756da44100c767f5c
o10-g0452-p4513,10,452,4513,32,0.95,0.9125,0.0375,19/20,73/80,3/80,0,0,2,2,33,30,0,0,4,6/5,3,5,"[{""champion_normalized"":1.0,""champion_raw"":0,""normalized_difference"":""2/5"",""stage3_normalized"":0.6,""stage3_raw"":2,""step"":4},{""champion_normalized"":1.0,""champion_raw"":0,""normalized_difference"":""2/5"",""stage3_normalized"":0.6,""stage3_raw"":2,""step"":5},{""champion_normalized"":1.0,""champion_raw"":0,""normalized_difference"":""2/5"",""stage3_normalized"":0.6,""stage3_raw"":2,""step"":6}]",f44fe3fc23df44d459caf6d38059f8dae910eea6a3f07c5b4f3ee922ef0ffe9d,program-d5ad1c8203e0d9f25f03aabd,e444562c1b308e3b23cb732be5f769ea1923ac1809501cea8571318c4aff0a7b,2243214df58c805e9a9343dc31ed082279e1c2ac31b21243bf889dbc9a19e165,a5f540459695bbf7d454eeccbb8e48158d6130df6a769b67d1447de18276dc01,cef05bb644e2e0a9acbc4972fbaa6d4ba3e033ee8a73ecd756da44100c767f5c
o10-g0452-p4514,10,452,4514,32,0.95,0.7875,0.1625,19/20,63/80,13/80,0,0,2,2,20,19,0,0,4,26/5,13,5,"[{""champion_normalized"":1.0,""champion_raw"":0,""normalized_difference"":""2/5"",""stage3_normalized"":0.6,""stage3_raw"":2,""step"":4},{""champion_normalized"":1.0,""champion_raw"":0,""normalized_difference"":""2/5"",""stage3_normalized"":0.6,""stage3_raw"":2,""step"":5},{""champion_normalized"":1.0,""champion_raw"":0,""normalized_difference"":""2/5"",""stage3_normalized"":0.6,""stage3_raw"":2,""step"":6},{""champion_normalized"":1.0,""champion_raw"":0,""normalized_difference"":""2/5"",""stage3_normalized"":0.6,""stage3_raw"":2,""step"":7},{""champion_normalized"":1.0,""champion_raw"":0,""normalized_difference"":""2/5"",""stage3_normalized"":0.6,""stage3_raw"":2,""step"":8},{""champion_normalized"":1.0,""champion_raw"":0,""normalized_difference"":""2/5"",""stage3_normalized"":0.6,""stage3_raw"":2,""step"":9},{""champion_normalized"":1.0,""champion_raw"":0,""normalized_difference"":""2/5"",""stage3_normalized"":0.6,""stage3_raw"":2,""step"":10},{""champion_normalized"":1.0,""champion_raw"":0,""normalized_difference"":""2/5"",""stage3_normalized"":0.6,""stage3_raw"":2,""step"":11},{""champion_normalized"":1.0,""champion_raw"":0,""normalized_difference"":""2/5"",""stage3_normalized"":0.6,""stage3_raw"":2,""step"":12},{""champion_normalized"":1.0,""champion_raw"":0,""normalized_difference"":""2/5"",""stage3_normalized"":0.6,""stage3_raw"":2,""step"":13},{""champion_normalized"":1.0,""champion_raw"":0,""normalized_difference"":""2/5"",""stage3_normalized"":0.6,""stage3_raw"":2,""step"":14},{""champion_normalized"":1.0,""champion_raw"":0,""normalized_difference"":""2/5"",""stage3_normalized"":0.6,""stage3_raw"":2,""step"":15},{""champion_normalized"":1.0,""champion_raw"":0,""normalized_difference"":""2/5"",""stage3_normalized"":0.6,""stage3_raw"":2,""step"":16}]",1fd643157512877a677ddce984f49b2f803cb29d3eeec2734630c8e98a9da835,program-d5ad1c8203e0d9f25f03aabd,e444562c1b308e3b23cb732be5f769ea1923ac1809501cea8571318c4aff0a7b,2243214df58c805e9a9343dc31ed082279e1c2ac31b21243bf889dbc9a19e165,a5f540459695bbf7d454eeccbb8e48158d6130df6a769b67d1447de18276dc01,cef05bb644e2e0a9acbc4972fbaa6d4ba3e033ee8a73ecd756da44100c767f5c
o10-g0452-p4515,10,452,4515,32,0.925,0.9125,0.0125,37/40,73/80,1/80,0,0,2,2,26,43,0,0,6,2/5,1,5,"[{""champion_normalized"":1.0,""champion_raw"":0,""normalized_difference"":""2/5"",""stage3_normalized"":0.6,""stage3_raw"":2,""step"":6}]",e19841211234417d0df18643d6c20738cd80a4ae3eac98c7d405ba29b7adffc2,program-d5ad1c8203e0d9f25f03aabd,e444562c1b308e3b23cb732be5f769ea1923ac1809501cea8571318c4aff0a7b,2243214df58c805e9a9343dc31ed082279e1c2ac31b21243bf889dbc9a19e165,a5f540459695bbf7d454eeccbb8e48158d6130df6a769b67d1447de18276dc01,cef05bb644e2e0a9acbc4972fbaa6d4ba3e033ee8a73ecd756da44100c767f5c
o10-g0452-p4516,10,452,4516,32,0.9625,0.89375,0.06875,77/80,143/160,11/160,0,0,3,4,24,31,0,0,2,11/5,7,5,"[{""champion_normalized"":1.0,""champion_raw"":0,""normalized_difference"":""2/5"",""stage3_normalized"":0.6,""stage3_raw"":2,""step"":2},{""champion_normalized"":1.0,""champion_raw"":0,""normalized_difference"":""2/5"",""stage3_normalized"":0.6,""stage3_raw"":2,""step"":3},{""champion_normalized"":1.0,""champion_raw"":0,""normalized_difference"":""2/5"",""stage3_normalized"":0.6,""stage3_raw"":2,""step"":4},{""champion_normalized"":1.0,""champion_raw"":0,""normalized_difference"":""2/5"",""stage3_normalized"":0.6,""stage3_raw"":2,""step"":5},{""champion_normalized"":1.0,""champion_raw"":0,""normalized_difference"":""1/5"",""stage3_normalized"":0.8,""stage3_raw"":1,""step"":6},{""champion_normalized"":1.0,""champion_raw"":0,""normalized_difference"":""1/5"",""stage3_normalized"":0.8,""stage3_raw"":1,""step"":7},{""champion_normalized"":1.0,""champion_raw"":0,""normalized_difference"":""1/5"",""stage3_normalized"":0.8,""stage3_raw"":1,""step"":8}]",9eaac256b9689dd726465c55411542e71131b8329963e0c94b9e4e268499aa1b,program-d5ad1c8203e0d9f25f03aabd,e444562c1b308e3b23cb732be5f769ea1923ac1809501cea8571318c4aff0a7b,2243214df58c805e9a9343dc31ed082279e1c2ac31b21243bf889dbc9a19e165,a5f540459695bbf7d454eeccbb8e48158d6130df6a769b67d1447de18276dc01,cef05bb644e2e0a9acbc4972fbaa6d4ba3e033ee8a73ecd756da44100c767f5c
o10-g0453-p4501,10,453,4501,32,0.95,0.975,-0.025,19/20,39/40,-1/40,0,0,3,2,26,27,0,0,0,-4/5,7,5,"[{""champion_normalized"":0.6,""champion_raw"":2,""normalized_difference"":""2/5"",""stage3_normalized"":0.2,""stage3_raw"":4,""step"":0},{""champion_normalized"":0.8,""champion_raw"":1,""normalized_difference"":""-1/5"",""stage3_normalized"":1.0,""stage3_raw"":0,""step"":1},{""champion_normalized"":0.8,""champion_raw"":1,""normalized_difference"":""-1/5"",""stage3_normalized"":1.0,""stage3_raw"":0,""step"":2},{""champion_normalized"":0.8,""champion_raw"":1,""normalized_difference"":""-1/5"",""stage3_normalized"":1.0,""stage3_raw"":0,""step"":3},{""champion_normalized"":0.8,""champion_raw"":1,""normalized_difference"":""-1/5"",""stage3_normalized"":1.0,""stage3_raw"":0,""step"":4},{""champion_normalized"":0.8,""champion_raw"":1,""normalized_difference"":""-1/5"",""stage3_normalized"":1.0,""stage3_raw"":0,""step"":5},{""champion_normalized"":0.8,""champion_raw"":1,""normalized_difference"":""-1/5"",""stage3_normalized"":1.0,""stage3_raw"":0,""step"":6}]",4254800f2137cb5031c5daf934e7f304e623fe4fe0d6186ac44df74e2014c200,program-d5ad1c8203e0d9f25f03aabd,e444562c1b308e3b23cb732be5f769ea1923ac1809501cea8571318c4aff0a7b,2243214df58c805e9a9343dc31ed082279e1c2ac31b21243bf889dbc9a19e165,a5f540459695bbf7d454eeccbb8e48158d6130df6a769b67d1447de18276dc01,cef05bb644e2e0a9acbc4972fbaa6d4ba3e033ee8a73ecd756da44100c767f5c
o10-g0453-p4502,10,453,4502,32,0.96875,0.70625,0.2625,31/32,113/160,21/80,0,0,3,4,25,28,0,0,0,42/5,21,5,"[{""champion_normalized"":0.6,""champion_raw"":2,""normalized_difference"":""2/5"",""stage3_normalized"":0.2,""stage3_raw"":4,""step"":0},{""champion_normalized"":0.6,""champion_raw"":2,""normalized_difference"":""2/5"",""stage3_normalized"":0.2,""stage3_raw"":4,""step"":1},{""champion_normalized"":0.8,""champion_raw"":1,""normalized_difference"":""2/5"",""stage3_normalized"":0.4,""stage3_raw"":3,""step"":2},{""champion_normalized"":1.0,""champion_raw"":0,""normalized_difference"":""2/5"",""stage3_normalized"":0.6,""stage3_raw"":2,""step"":3},{""champion_normalized"":1.0,""champion_raw"":0,""normalized_difference"":""2/5"",""stage3_normalized"":0.6,""stage3_raw"":2,""step"":4},{""champion_normalized"":1.0,""champion_raw"":0,""normalized_difference"":""2/5"",""stage3_normalized"":0.6,""stage3_raw"":2,""step"":5},{""champion_normalized"":1.0,""champion_raw"":0,""normalized_difference"":""2/5"",""stage3_normalized"":0.6,""stage3_raw"":2,""step"":6},{""champion_normalized"":1.0,""champion_raw"":0,""normalized_difference"":""2/5"",""stage3_normalized"":0.6,""stage3_raw"":2,""step"":7},{""champion_normalized"":1.0,""champion_raw"":0,""normalized_difference"":""2/5"",""stage3_normalized"":0.6,""stage3_raw"":2,""step"":8},{""champion_normalized"":1.0,""champion_raw"":0,""normalized_difference"":""2/5"",""stage3_normalized"":0.6,""stage3_raw"":2,""step"":9},{""champion_normalized"":1.0,""champion_raw"":0,""normalized_difference"":""2/5"",""stage3_normalized"":0.6,""stage3_raw"":2,""step"":10},{""champion_normalized"":1.0,""champion_raw"":0,""normalized_difference"":""2/5"",""stage3_normalized"":0.6,""stage3_raw"":2,""step"":11},{""champion_normalized"":1.0,""champion_raw"":0,""normalized_difference"":""2/5"",""stage3_normalized"":0.6,""stage3_raw"":2,""step"":12},{""champion_normalized"":1.0,""champion_raw"":0,""normalized_difference"":""2/5"",""stage3_normalized"":0.6,""stage3_raw"":2,""step"":13},{""champion_normalized"":1.0,""champion_raw"":0,""normalized_difference"":""2/5"",""stage3_normalized"":0.6,""stage3_raw"":2,""step"":14},{""champion_normalized"":1.0,""champion_raw"":0,""normalized_difference"":""2/5"",""stage3_normalized"":0.6,""stage3_raw"":2,""step"":15},{""champion_normalized"":1.0,""champion_raw"":0,""normalized_difference"":""2/5"",""stage3_normalized"":0.6,""stage3_raw"":2,""step"":16},{""champion_normalized"":1.0,""champion_raw"":0,""normalized_difference"":""2/5"",""stage3_normalized"":0.6,""stage3_raw"":2,""step"":17},{""champion_normalized"":1.0,""champion_raw"":0,""normalized_difference"":""2/5"",""stage3_normalized"":0.6,""stage3_raw"":2,""step"":18},{""champion_normalized"":1.0,""champion_raw"":0,""normalized_difference"":""2/5"",""stage3_normalized"":0.6,""stage3_raw"":2,""step"":19},{""champion_normalized"":1.0,""champion_raw"":0,""normalized_difference"":""2/5"",""stage3_normalized"":0.6,""stage3_raw"":2,""step"":20}]",5083e29569d509b3a828a8e2240d8887ecc4902595e93ec2949d1cd7ae9b78e8,program-d5ad1c8203e0d9f25f03aabd,e444562c1b308e3b23cb732be5f769ea1923ac1809501cea8571318c4aff0a7b,2243214df58c805e9a9343dc31ed082279e1c2ac31b21243bf889dbc9a19e165,a5f540459695bbf7d454eeccbb8e48158d6130df6a769b67d1447de18276dc01,cef05bb644e2e0a9acbc4972fbaa6d4ba3e033ee8a73ecd756da44100c767f5c
o10-g0453-p4503,10,453,4503,32,0.79375,0.79375,0.0,127/160,127/160,0,1,1,2,2,20,20,0,0,,0,0,5,[],2a4f70c7ca52bb8dba27c73145a9eae795d39f5684691fbd8927f6bda64978f8,program-d5ad1c8203e0d9f25f03aabd,e444562c1b308e3b23cb732be5f769ea1923ac1809501cea8571318c4aff0a7b,2243214df58c805e9a9343dc31ed082279e1c2ac31b21243bf889dbc9a19e165,a5f540459695bbf7d454eeccbb8e48158d6130df6a769b67d1447de18276dc01,cef05bb644e2e0a9acbc4972fbaa6d4ba3e033ee8a73ecd756da44100c767f5c
o10-g0453-p4504,10,453,4504,32,0.9,0.8875,0.0125,9/10,71/80,1/80,0,0,2,2,44,42,0,0,8,2/5,1,5,"[{""champion_normalized"":1.0,""champion_raw"":0,""normalized_difference"":""2/5"",""stage3_normalized"":0.6,""stage3_raw"":2,""step"":8}]",ec98a7eef20c40703c7bd7500173ec9929d5acbc37aa15a5326382a2f5f87b64,program-d5ad1c8203e0d9f25f03aabd,e444562c1b308e3b23cb732be5f769ea1923ac1809501cea8571318c4aff0a7b,2243214df58c805e9a9343dc31ed082279e1c2ac31b21243bf889dbc9a19e165,a5f540459695bbf7d454eeccbb8e48158d6130df6a769b67d1447de18276dc01,cef05bb644e2e0a9acbc4972fbaa6d4ba3e033ee8a73ecd756da44100c767f5c
o10-g0453-p4505,10,453,4505,32,0.875,0.98125,-0.10625,7/8,157/160,-17/160,0,0,2,2,25,24,0,0,0,-17/5,10,5,"[{""champion_normalized"":0.6,""champion_raw"":2,""normalized_difference"":""1/5"",""stage3_normalized"":0.4,""stage3_raw"":3,""step"":0},{""champion_normalized"":0.6,""champion_raw"":2,""normalized_difference"":""-2/5"",""stage3_normalized"":1.0,""stage3_raw"":0,""step"":1},{""champion_normalized"":0.6,""champion_raw"":2,""normalized_difference"":""-2/5"",""stage3_normalized"":1.0,""stage3_raw"":0,""step"":2},{""champion_normalized"":0.6,""champion_raw"":2,""normalized_difference"":""-2/5"",""stage3_normalized"":1.0,""stage3_raw"":0,""step"":3},{""champion_normalized"":0.6,""champion_raw"":2,""normalized_difference"":""-2/5"",""stage3_normalized"":1.0,""stage3_raw"":0,""step"":4},{""champion_normalized"":0.6,""champion_raw"":2,""normalized_difference"":""-2/5"",""stage3_normalized"":1.0,""stage3_raw"":0,""step"":5},{""champion_normalized"":0.6,""champion_raw"":2,""normalized_difference"":""-2/5"",""stage3_normalized"":1.0,""stage3_raw"":0,""step"":6},{""champion_normalized"":0.6,""champion_raw"":2,""normalized_difference"":""-2/5"",""stage3_normalized"":1.0,""stage3_raw"":0,""step"":7},{""champion_normalized"":0.6,""champion_raw"":2,""normalized_difference"":""-2/5"",""stage3_normalized"":1.0,""stage3_raw"":0,""step"":8},{""champion_normalized"":0.6,""champion_raw"":2,""normalized_difference"":""-2/5"",""stage3_normalized"":1.0,""stage3_raw"":0,""step"":9}]",31db834278595540d64b8dd6636daaed26e2651ddbfc0fd0511d9ab73aebd329,program-d5ad1c8203e0d9f25f03aabd,e444562c1b308e3b23cb732be5f769ea1923ac1809501cea8571318c4aff0a7b,2243214df58c805e9a9343dc31ed082279e1c2ac31b21243bf889dbc9a19e165,a5f540459695bbf7d454eeccbb8e48158d6130df6a769b67d1447de18276dc01,cef05bb644e2e0a9acbc4972fbaa6d4ba3e033ee8a73ecd756da44100c767f5c
o10-g0453-p4506,10,453,4506,32,0.86875,0.8875,-0.01875,139/160,71/80,-3/160,0,0,3,4,17,33,1,0,0,-3/5,3,5,"[{""champion_normalized"":0.0,""champion_raw"":5,""normalized_difference"":""-1/5"",""stage3_normalized"":0.2,""stage3_raw"":4,""step"":0},{""champion_normalized"":0.4,""champion_raw"":3,""normalized_difference"":""-1/5"",""stage3_normalized"":0.6,""stage3_raw"":2,""step"":1},{""champion_normalized"":0.4,""champion_raw"":3,""normalized_difference"":""-1/5"",""stage3_normalized"":0.6,""stage3_raw"":2,""step"":2}]",acb92568c04f76f88fbb37e043e2f822e0b3d70241cd06af5d381bf236963409,program-d5ad1c8203e0d9f25f03aabd,e444562c1b308e3b23cb732be5f769ea1923ac1809501cea8571318c4aff0a7b,2243214df58c805e9a9343dc31ed082279e1c2ac31b21243bf889dbc9a19e165,a5f540459695bbf7d454eeccbb8e48158d6130df6a769b67d1447de18276dc01,cef05bb644e2e0a9acbc4972fbaa6d4ba3e033ee8a73ecd756da44100c767f5c
o10-g0453-p4507,10,453,4507,32,0.9375,0.925,0.0125,15/16,37/40,1/80,0,0,3,3,26,36,0,0,4,2/5,1,5,"[{""champion_normalized"":1.0,""champion_raw"":0,""normalized_difference"":""2/5"",""stage3_normalized"":0.6,""stage3_raw"":2,""step"":4}]",96339a345ffc217cbf6de8655ccb5139fb8c2ecb98cb3d86dfd0a0136befcae2,program-d5ad1c8203e0d9f25f03aabd,e444562c1b308e3b23cb732be5f769ea1923ac1809501cea8571318c4aff0a7b,2243214df58c805e9a9343dc31ed082279e1c2ac31b21243bf889dbc9a19e165,a5f540459695bbf7d454eeccbb8e48158d6130df6a769b67d1447de18276dc01,cef05bb644e2e0a9acbc4972fbaa6d4ba3e033ee8a73ecd756da44100c767f5c
o10-g0453-p4508,10,453,4508,32,0.96875,0.96875,0.0,31/32,31/32,0,0,0,3,3,20,20,0,0,,0,0,5,[],c404531655fed8bba4fb4302b0c3db40de96eb0ee2c88779e0ebe242f1f57f16,program-d5ad1c8203e0d9f25f03aabd,e444562c1b308e3b23cb732be5f769ea1923ac1809501cea8571318c4aff0a7b,2243214df58c805e9a9343dc31ed082279e1c2ac31b21243bf889dbc9a19e165,a5f540459695bbf7d454eeccbb8e48158d6130df6a769b67d1447de18276dc01,cef05bb644e2e0a9acbc4972fbaa6d4ba3e033ee8a73ecd756da44100c767f5c
o10-g0453-p4509,10,453,4509,32,0.83125,0.95625,-0.125,133/160,153/160,-1/8,0,0,2,2,43,35,1,1,2,-4,10,5,"[{""champion_normalized"":0.6,""champion_raw"":2,""normalized_difference"":""-2/5"",""stage3_normalized"":1.0,""stage3_raw"":0,""step"":2},{""champion_normalized"":0.6,""champion_raw"":2,""normalized_difference"":""-2/5"",""stage3_normalized"":1.0,""stage3_raw"":0,""step"":3},{""champion_normalized"":0.6,""champion_raw"":2,""normalized_difference"":""-2/5"",""stage3_normalized"":1.0,""stage3_raw"":0,""step"":4},{""champion_normalized"":0.6,""champion_raw"":2,""normalized_difference"":""-2/5"",""stage3_normalized"":1.0,""stage3_raw"":0,""step"":5},{""champion_normalized"":0.6,""champion_raw"":2,""normalized_difference"":""-2/5"",""stage3_normalized"":1.0,""stage3_raw"":0,""step"":6},{""champion_normalized"":0.6,""champion_raw"":2,""normalized_difference"":""-2/5"",""stage3_normalized"":1.0,""stage3_raw"":0,""step"":7},{""champion_normalized"":0.6,""champion_raw"":2,""normalized_difference"":""-2/5"",""stage3_normalized"":1.0,""stage3_raw"":0,""step"":8},{""champion_normalized"":0.6,""champion_raw"":2,""normalized_difference"":""-2/5"",""stage3_normalized"":1.0,""stage3_raw"":0,""step"":9},{""champion_normalized"":0.6,""champion_raw"":2,""normalized_difference"":""-2/5"",""stage3_normalized"":1.0,""stage3_raw"":0,""step"":10},{""champion_normalized"":0.6,""champion_raw"":2,""normalized_difference"":""-2/5"",""stage3_normalized"":1.0,""stage3_raw"":0,""step"":11}]",0d800c1f83b3ab2cbba385f43b8a724d83d9b55983b30f2adf28560f6035f188,program-d5ad1c8203e0d9f25f03aabd,e444562c1b308e3b23cb732be5f769ea1923ac1809501cea8571318c4aff0a7b,2243214df58c805e9a9343dc31ed082279e1c2ac31b21243bf889dbc9a19e165,a5f540459695bbf7d454eeccbb8e48158d6130df6a769b67d1447de18276dc01,cef05bb644e2e0a9acbc4972fbaa6d4ba3e033ee8a73ecd756da44100c767f5c
o10-g0453-p4510,10,453,4510,32,0.95,0.975,-0.025,19/20,39/40,-1/40,0,0,2,2,32,36,0,0,2,-4/5,2,5,"[{""champion_normalized"":0.6,""champion_raw"":2,""normalized_difference"":""-2/5"",""stage3_normalized"":1.0,""stage3_raw"":0,""step"":2},{""champion_normalized"":0.6,""champion_raw"":2,""normalized_difference"":""-2/5"",""stage3_normalized"":1.0,""stage3_raw"":0,""step"":3}]",42874ab8fc100f0ffdd021b1278b37918e4507bf6abddbb613f9eb0452fd3f77,program-d5ad1c8203e0d9f25f03aabd,e444562c1b308e3b23cb732be5f769ea1923ac1809501cea8571318c4aff0a7b,2243214df58c805e9a9343dc31ed082279e1c2ac31b21243bf889dbc9a19e165,a5f540459695bbf7d454eeccbb8e48158d6130df6a769b67d1447de18276dc01,cef05bb644e2e0a9acbc4972fbaa6d4ba3e033ee8a73ecd756da44100c767f5c
o10-g0453-p4511,10,453,4511,32,0.975,0.775,0.2,39/40,31/40,1/5,0,0,2,3,25,35,0,1,0,32/5,25,5,"[{""champion_normalized"":0.6,""champion_raw"":2,""normalized_difference"":""3/5"",""stage3_normalized"":0.0,""stage3_raw"":5,""step"":0},{""champion_normalized"":1.0,""champion_raw"":0,""normalized_difference"":""2/5"",""stage3_normalized"":0.6,""stage3_raw"":2,""step"":2},{""champion_normalized"":1.0,""champion_raw"":0,""normalized_difference"":""2/5"",""stage3_normalized"":0.6,""stage3_raw"":2,""step"":3},{""champion_normalized"":1.0,""champion_raw"":0,""normalized_difference"":""2/5"",""stage3_normalized"":0.6,""stage3_raw"":2,""step"":4},{""champion_normalized"":1.0,""champion_raw"":0,""normalized_difference"":""2/5"",""stage3_normalized"":0.6,""stage3_raw"":2,""step"":5},{""champion_normalized"":1.0,""champion_raw"":0,""normalized_difference"":""2/5"",""stage3_normalized"":0.6,""stage3_raw"":2,""step"":6},{""champion_normalized"":1.0,""champion_raw"":0,""normalized_difference"":""1/5"",""stage3_normalized"":0.8,""stage3_raw"":1,""step"":7},{""champion_normalized"":1.0,""champion_raw"":0,""normalized_difference"":""1/5"",""stage3_normalized"":0.8,""stage3_raw"":1,""step"":8},{""champion_normalized"":1.0,""champion_raw"":0,""normalized_difference"":""1/5"",""stage3_normalized"":0.8,""stage3_raw"":1,""step"":9},{""champion_normalized"":1.0,""champion_raw"":0,""normalized_difference"":""1/5"",""stage3_normalized"":0.8,""stage3_raw"":1,""step"":10},{""champion_normalized"":1.0,""champion_raw"":0,""normalized_difference"":""1/5"",""stage3_normalized"":0.8,""stage3_raw"":1,""step"":11},{""champion_normalized"":1.0,""champion_raw"":0,""normalized_difference"":""1/5"",""stage3_normalized"":0.8,""stage3_raw"":1,""step"":12},{""champion_normalized"":1.0,""champion_raw"":0,""normalized_difference"":""1/5"",""stage3_normalized"":0.8,""stage3_raw"":1,""step"":13},{""champion_normalized"":1.0,""champion_raw"":0,""normalized_difference"":""1/5"",""stage3_normalized"":0.8,""stage3_raw"":1,""step"":14},{""champion_normalized"":1.0,""champion_raw"":0,""normalized_difference"":""1/5"",""stage3_normalized"":0.8,""stage3_raw"":1,""step"":15},{""champion_normalized"":1.0,""champion_raw"":0,""normalized_difference"":""1/5"",""stage3_normalized"":0.8,""stage3_raw"":1,""step"":16},{""champion_normalized"":1.0,""champion_raw"":0,""normalized_difference"":""1/5"",""stage3_normalized"":0.8,""stage3_raw"":1,""step"":17},{""champion_normalized"":1.0,""champion_raw"":0,""normalized_difference"":""1/5"",""stage3_normalized"":0.8,""stage3_raw"":1,""step"":18},{""champion_normalized"":1.0,""champion_raw"":0,""normalized_difference"":""1/5"",""stage3_normalized"":0.8,""stage3_raw"":1,""step"":19},{""champion_normalized"":1.0,""champion_raw"":0,""normalized_difference"":""1/5"",""stage3_normalized"":0.8,""stage3_raw"":1,""step"":20},{""champion_normalized"":1.0,""champion_raw"":0,""normalized_difference"":""1/5"",""stage3_normalized"":0.8,""stage3_raw"":1,""step"":21},{""champion_normalized"":1.0,""champion_raw"":0,""normalized_difference"":""1/5"",""stage3_normalized"":0.8,""stage3_raw"":1,""step"":22},{""champion_normalized"":1.0,""champion_raw"":0,""normalized_difference"":""1/5"",""stage3_normalized"":0.8,""stage3_raw"":1,""step"":23},{""champion_normalized"":1.0,""champion_raw"":0,""normalized_difference"":""1/5"",""stage3_normalized"":0.8,""stage3_raw"":1,""step"":24},{""champion_normalized"":1.0,""champion_raw"":0,""normalized_difference"":""1/5"",""stage3_normalized"":0.8,""stage3_raw"":1,""step"":25}]",70f9615d8f996d9c47dea6aa5b53cd5a8b0dff2bfc3ab3b9d949364682330cab,program-d5ad1c8203e0d9f25f03aabd,e444562c1b308e3b23cb732be5f769ea1923ac1809501cea8571318c4aff0a7b,2243214df58c805e9a9343dc31ed082279e1c2ac31b21243bf889dbc9a19e165,a5f540459695bbf7d454eeccbb8e48158d6130df6a769b67d1447de18276dc01,cef05bb644e2e0a9acbc4972fbaa6d4ba3e033ee8a73ecd756da44100c767f5c
o10-g0453-p4512,10,453,4512,32,0.98125,0.98125,0.0,157/160,157/160,0,0,0,2,2,17,17,0,0,,0,0,5,[],089acb44deae84d2ebee7d48469b721987d54114484b7a3e814236b9c31801c1,program-d5ad1c8203e0d9f25f03aabd,e444562c1b308e3b23cb732be5f769ea1923ac1809501cea8571318c4aff0a7b,2243214df58c805e9a9343dc31ed082279e1c2ac31b21243bf889dbc9a19e165,a5f540459695bbf7d454eeccbb8e48158d6130df6a769b67d1447de18276dc01,cef05bb644e2e0a9acbc4972fbaa6d4ba3e033ee8a73ecd756da44100c767f5c
o10-g0453-p4513,10,453,4513,32,0.975,0.975,0.0,39/40,39/40,0,0,0,2,2,71,71,0,0,,0,0,5,[],f8d7f40f03c5dc6fc64ac03843eb42ed47c4de05d2e54ee7c09b8cb352a18491,program-d5ad1c8203e0d9f25f03aabd,e444562c1b308e3b23cb732be5f769ea1923ac1809501cea8571318c4aff0a7b,2243214df58c805e9a9343dc31ed082279e1c2ac31b21243bf889dbc9a19e165,a5f540459695bbf7d454eeccbb8e48158d6130df6a769b67d1447de18276dc01,cef05bb644e2e0a9acbc4972fbaa6d4ba3e033ee8a73ecd756da44100c767f5c
o10-g0453-p4514,10,453,4514,32,0.96875,0.94375,0.025,31/32,151/160,1/40,0,0,3,3,33,37,0,0,2,4/5,2,5,"[{""champion_normalized"":1.0,""champion_raw"":0,""normalized_difference"":""2/5"",""stage3_normalized"":0.6,""stage3_raw"":2,""step"":2},{""champion_normalized"":1.0,""champion_raw"":0,""normalized_difference"":""2/5"",""stage3_normalized"":0.6,""stage3_raw"":2,""step"":3}]",bd35da0ec4fda9e18da32d831f55ac20237d41808dfac4adbdfccb873d469ab0,program-d5ad1c8203e0d9f25f03aabd,e444562c1b308e3b23cb732be5f769ea1923ac1809501cea8571318c4aff0a7b,2243214df58c805e9a9343dc31ed082279e1c2ac31b21243bf889dbc9a19e165,a5f540459695bbf7d454eeccbb8e48158d6130df6a769b67d1447de18276dc01,cef05bb644e2e0a9acbc4972fbaa6d4ba3e033ee8a73ecd756da44100c767f5c
o10-g0453-p4515,10,453,4515,32,0.9875,0.925,0.0625,79/80,37/40,1/16,0,0,2,2,22,25,0,0,1,2,5,5,"[{""champion_normalized"":1.0,""champion_raw"":0,""normalized_difference"":""2/5"",""stage3_normalized"":0.6,""stage3_raw"":2,""step"":1},{""champion_normalized"":1.0,""champion_raw"":0,""normalized_difference"":""2/5"",""stage3_normalized"":0.6,""stage3_raw"":2,""step"":2},{""champion_normalized"":1.0,""champion_raw"":0,""normalized_difference"":""2/5"",""stage3_normalized"":0.6,""stage3_raw"":2,""step"":3},{""champion_normalized"":1.0,""champion_raw"":0,""normalized_difference"":""2/5"",""stage3_normalized"":0.6,""stage3_raw"":2,""step"":4},{""champion_normalized"":1.0,""champion_raw"":0,""normalized_difference"":""2/5"",""stage3_normalized"":0.6,""stage3_raw"":2,""step"":5}]",85745a5041c384d390b73e65f5866e22abb3e7ea5f8926c3755ceef827ce9142,program-d5ad1c8203e0d9f25f03aabd,e444562c1b308e3b23cb732be5f769ea1923ac1809501cea8571318c4aff0a7b,2243214df58c805e9a9343dc31ed082279e1c2ac31b21243bf889dbc9a19e165,a5f540459695bbf7d454eeccbb8e48158d6130df6a769b67d1447de18276dc01,cef05bb644e2e0a9acbc4972fbaa6d4ba3e033ee8a73ecd756da44100c767f5c
o10-g0453-p4516,10,453,4516,32,0.95625,0.95625,0.0,153/160,153/160,0,0,0,3,3,27,27,0,0,,0,0,5,[],d737f2fcc321bea9a22d6d55e4d5c3b9efb63e6124be1205705b350aa59b129c,program-d5ad1c8203e0d9f25f03aabd,e444562c1b308e3b23cb732be5f769ea1923ac1809501cea8571318c4aff0a7b,2243214df58c805e9a9343dc31ed082279e1c2ac31b21243bf889dbc9a19e165,a5f540459695bbf7d454eeccbb8e48158d6130df6a769b67d1447de18276dc01,cef05bb644e2e0a9acbc4972fbaa6d4ba3e033ee8a73ecd756da44100c767f5c
o10-g0454-p4501,10,454,4501,32,0.9875,0.9,0.0875,79/80,9/10,7/80,0,0,2,2,26,39,0,0,1,14/5,7,5,"[{""champion_normalized"":1.0,""champion_raw"":0,""normalized_difference"":""2/5"",""stage3_normalized"":0.6,""stage3_raw"":2,""step"":1},{""champion_normalized"":1.0,""champion_raw"":0,""normalized_difference"":""2/5"",""stage3_normalized"":0.6,""stage3_raw"":2,""step"":2},{""champion_normalized"":1.0,""champion_raw"":0,""normalized_difference"":""2/5"",""stage3_normalized"":0.6,""stage3_raw"":2,""step"":3},{""champion_normalized"":1.0,""champion_raw"":0,""normalized_difference"":""2/5"",""stage3_normalized"":0.6,""stage3_raw"":2,""step"":4},{""champion_normalized"":1.0,""champion_raw"":0,""normalized_difference"":""2/5"",""stage3_normalized"":0.6,""stage3_raw"":2,""step"":5},{""champion_normalized"":1.0,""champion_raw"":0,""normalized_difference"":""2/5"",""stage3_normalized"":0.6,""stage3_raw"":2,""step"":6},{""champion_normalized"":1.0,""champion_raw"":0,""normalized_difference"":""2/5"",""stage3_normalized"":0.6,""stage3_raw"":2,""step"":7}]",3cf9e9eba177dfec722904b71a02dd937052af0ef0300b8d72df67bee63b6579,program-d5ad1c8203e0d9f25f03aabd,e444562c1b308e3b23cb732be5f769ea1923ac1809501cea8571318c4aff0a7b,2243214df58c805e9a9343dc31ed082279e1c2ac31b21243bf889dbc9a19e165,a5f540459695bbf7d454eeccbb8e48158d6130df6a769b67d1447de18276dc01,cef05bb644e2e0a9acbc4972fbaa6d4ba3e033ee8a73ecd756da44100c767f5c
o10-g0454-p4502,10,454,4502,32,0.9875,0.9125,0.075,79/80,73/80,3/40,0,0,2,2,28,44,0,0,1,12/5,6,5,"[{""champion_normalized"":1.0,""champion_raw"":0,""normalized_difference"":""2/5"",""stage3_normalized"":0.6,""stage3_raw"":2,""step"":1},{""champion_normalized"":1.0,""champion_raw"":0,""normalized_difference"":""2/5"",""stage3_normalized"":0.6,""stage3_raw"":2,""step"":2},{""champion_normalized"":1.0,""champion_raw"":0,""normalized_difference"":""2/5"",""stage3_normalized"":0.6,""stage3_raw"":2,""step"":3},{""champion_normalized"":1.0,""champion_raw"":0,""normalized_difference"":""2/5"",""stage3_normalized"":0.6,""stage3_raw"":2,""step"":4},{""champion_normalized"":1.0,""champion_raw"":0,""normalized_difference"":""2/5"",""stage3_normalized"":0.6,""stage3_raw"":2,""step"":5},{""champion_normalized"":1.0,""champion_raw"":0,""normalized_difference"":""2/5"",""stage3_normalized"":0.6,""stage3_raw"":2,""step"":6}]",6ffa8408b1bbaf0ee55198992a2b0b3b9601d4b40b08ec8d9ab3210ae5cd409a,program-d5ad1c8203e0d9f25f03aabd,e444562c1b308e3b23cb732be5f769ea1923ac1809501cea8571318c4aff0a7b,2243214df58c805e9a9343dc31ed082279e1c2ac31b21243bf889dbc9a19e165,a5f540459695bbf7d454eeccbb8e48158d6130df6a769b67d1447de18276dc01,cef05bb644e2e0a9acbc4972fbaa6d4ba3e033ee8a73ecd756da44100c767f5c
o10-g0454-p4503,10,454,4503,32,0.975,0.9625,0.0125,39/40,77/80,1/80,0,0,3,2,24,23,0,0,0,2/5,4,5,"[{""champion_normalized"":0.6,""champion_raw"":2,""normalized_difference"":""-1/5"",""stage3_normalized"":0.8,""stage3_raw"":1,""step"":0},{""champion_normalized"":1.0,""champion_raw"":0,""normalized_difference"":""1/5"",""stage3_normalized"":0.8,""stage3_raw"":1,""step"":3},{""champion_normalized"":1.0,""champion_raw"":0,""normalized_difference"":""1/5"",""stage3_normalized"":0.8,""stage3_raw"":1,""step"":4},{""champion_normalized"":1.0,""champion_raw"":0,""normalized_difference"":""1/5"",""stage3_normalized"":0.8,""stage3_raw"":1,""step"":5}]",5fb0c8482f55cfae3160a7e321e0e58eab54ea0fc389dd07e47843497af6009e,program-d5ad1c8203e0d9f25f03aabd,e444562c1b308e3b23cb732be5f769ea1923ac1809501cea8571318c4aff0a7b,2243214df58c805e9a9343dc31ed082279e1c2ac31b21243bf889dbc9a19e165,a5f540459695bbf7d454eeccbb8e48158d6130df6a769b67d1447de18276dc01,cef05bb644e2e0a9acbc4972fbaa6d4ba3e033ee8a73ecd756da44100c767f5c
o10-g0454-p4504,10,454,4504,32,0.9625,0.6875,0.275,77/80,11/16,11/40,0,0,2,2,34,22,0,0,3,44/5,22,5,"[{""champion_normalized"":1.0,""champion_raw"":0,""normalized_difference"":""2/5"",""stage3_normalized"":0.6,""stage3_raw"":2,""step"":3},{""champion_normalized"":1.0,""champion_raw"":0,""normalized_difference"":""2/5"",""stage3_normalized"":0.6,""stage3_raw"":2,""step"":4},{""champion_normalized"":1.0,""champion_raw"":0,""normalized_difference"":""2/5"",""stage3_normalized"":0.6,""stage3_raw"":2,""step"":5},{""champion_normalized"":1.0,""champion_raw"":0,""normalized_difference"":""2/5"",""stage3_normalized"":0.6,""stage3_raw"":2,""step"":6},{""champion_normalized"":1.0,""champion_raw"":0,""normalized_difference"":""2/5"",""stage3_normalized"":0.6,""stage3_raw"":2,""step"":7},{""champion_normalized"":1.0,""champion_raw"":0,""normalized_difference"":""2/5"",""stage3_normalized"":0.6,""stage3_raw"":2,""step"":8},{""champion_normalized"":1.0,""champion_raw"":0,""normalized_difference"":""2/5"",""stage3_normalized"":0.6,""stage3_raw"":2,""step"":9},{""champion_normalized"":1.0,""champion_raw"":0,""normalized_difference"":""2/5"",""stage3_normalized"":0.6,""stage3_raw"":2,""step"":10},{""champion_normalized"":1.0,""champion_raw"":0,""normalized_difference"":""2/5"",""stage3_normalized"":0.6,""stage3_raw"":2,""step"":11},{""champion_normalized"":1.0,""champion_raw"":0,""normalized_difference"":""2/5"",""stage3_normalized"":0.6,""stage3_raw"":2,""step"":12},{""champion_normalized"":1.0,""champion_raw"":0,""normalized_difference"":""2/5"",""stage3_normalized"":0.6,""stage3_raw"":2,""step"":13},{""champion_normalized"":1.0,""champion_raw"":0,""normalized_difference"":""2/5"",""stage3_normalized"":0.6,""stage3_raw"":2,""step"":14},{""champion_normalized"":1.0,""champion_raw"":0,""normalized_difference"":""2/5"",""stage3_normalized"":0.6,""stage3_raw"":2,""step"":15},{""champion_normalized"":1.0,""champion_raw"":0,""normalized_difference"":""2/5"",""stage3_normalized"":0.6,""stage3_raw"":2,""step"":16},{""champion_normalized"":1.0,""champion_raw"":0,""normalized_difference"":""2/5"",""stage3_normalized"":0.6,""stage3_raw"":2,""step"":17},{""champion_normalized"":1.0,""champion_raw"":0,""normalized_difference"":""2/5"",""stage3_normalized"":0.6,""stage3_raw"":2,""step"":18},{""champion_normalized"":1.0,""champion_raw"":0,""normalized_difference"":""2/5"",""stage3_normalized"":0.6,""stage3_raw"":2,""step"":19},{""champion_normalized"":1.0,""champion_raw"":0,""normalized_difference"":""2/5"",""stage3_normalized"":0.6,""stage3_raw"":2,""step"":20},{""champion_normalized"":1.0,""champion_raw"":0,""normalized_difference"":""2/5"",""stage3_normalized"":0.6,""stage3_raw"":2,""step"":21},{""champion_normalized"":1.0,""champion_raw"":0,""normalized_difference"":""2/5"",""stage3_normalized"":0.6,""stage3_raw"":2,""step"":22},{""champion_normalized"":1.0,""champion_raw"":0,""normalized_difference"":""2/5"",""stage3_normalized"":0.6,""stage3_raw"":2,""step"":23},{""champion_normalized"":1.0,""champion_raw"":0,""normalized_difference"":""2/5"",""stage3_normalized"":0.6,""stage3_raw"":2,""step"":24}]",f272f6e3d94670262d67d1c599a56944b038abed7812c84664ed00d7e157598d,program-d5ad1c8203e0d9f25f03aabd,e444562c1b308e3b23cb732be5f769ea1923ac1809501cea8571318c4aff0a7b,2243214df58c805e9a9343dc31ed082279e1c2ac31b21243bf889dbc9a19e165,a5f540459695bbf7d454eeccbb8e48158d6130df6a769b67d1447de18276dc01,cef05bb644e2e0a9acbc4972fbaa6d4ba3e033ee8a73ecd756da44100c767f5c
o10-g0454-p4505,10,454,4505,32,0.975,0.975,0.0,39/40,39/40,0,0,0,2,2,26,26,0,0,,0,0,5,[],377a38b386f7a8ffb222ff33e8f4f77b8983a4c3e398d8cfd67472869ac2f8f1,program-d5ad1c8203e0d9f25f03aabd,e444562c1b308e3b23cb732be5f769ea1923ac1809501cea8571318c4aff0a7b,2243214df58c805e9a9343dc31ed082279e1c2ac31b21243bf889dbc9a19e165,a5f540459695bbf7d454eeccbb8e48158d6130df6a769b67d1447de18276dc01,cef05bb644e2e0a9acbc4972fbaa6d4ba3e033ee8a73ecd756da44100c767f5c
o10-g0454-p4506,10,454,4506,32,0.98125,0.9,0.08125,157/160,9/10,13/160,0,0,2,3,25,69,0,0,0,13/5,7,5,"[{""champion_normalized"":0.4,""champion_raw"":3,""normalized_difference"":""1/5"",""stage3_normalized"":0.2,""stage3_raw"":4,""step"":0},{""champion_normalized"":1.0,""champion_raw"":0,""normalized_difference"":""2/5"",""stage3_normalized"":0.6,""stage3_raw"":2,""step"":1},{""champion_normalized"":1.0,""champion_raw"":0,""normalized_difference"":""2/5"",""stage3_normalized"":0.6,""stage3_raw"":2,""step"":2},{""champion_normalized"":1.0,""champion_raw"":0,""normalized_difference"":""2/5"",""stage3_normalized"":0.6,""stage3_raw"":2,""step"":3},{""champion_normalized"":1.0,""champion_raw"":0,""normalized_difference"":""2/5"",""stage3_normalized"":0.6,""stage3_raw"":2,""step"":4},{""champion_normalized"":1.0,""champion_raw"":0,""normalized_difference"":""2/5"",""stage3_normalized"":0.6,""stage3_raw"":2,""step"":5},{""champion_normalized"":1.0,""champion_raw"":0,""normalized_difference"":""2/5"",""stage3_normalized"":0.6,""stage3_raw"":2,""step"":6}]",d4c9179552bffec0e2ce48de90af16ba30979b5543618a0fd90662abffe7c57d,program-d5ad1c8203e0d9f25f03aabd,e444562c1b308e3b23cb732be5f769ea1923ac1809501cea8571318c4aff0a7b,2243214df58c805e9a9343dc31ed082279e1c2ac31b21243bf889dbc9a19e165,a5f540459695bbf7d454eeccbb8e48158d6130df6a769b67d1447de18276dc01,cef05bb644e2e0a9acbc4972fbaa6d4ba3e033ee8a73ecd756da44100c767f5c
o10-g0454-p4507,10,454,4507,32,0.98125,0.91875,0.0625,157/160,147/160,1/16,0,0,2,3,33,28,0,0,1,2,6,5,"[{""champion_normalized"":1.0,""champion_raw"":0,""normalized_difference"":""3/5"",""stage3_normalized"":0.4,""stage3_raw"":3,""step"":1},{""champion_normalized"":1.0,""champion_raw"":0,""normalized_difference"":""3/5"",""stage3_normalized"":0.4,""stage3_raw"":3,""step"":2},{""champion_normalized"":1.0,""champion_raw"":0,""normalized_difference"":""1/5"",""stage3_normalized"":0.8,""stage3_raw"":1,""step"":3},{""champion_normalized"":1.0,""champion_raw"":0,""normalized_difference"":""1/5"",""stage3_normalized"":0.8,""stage3_raw"":1,""step"":4},{""champion_normalized"":1.0,""champion_raw"":0,""normalized_difference"":""1/5"",""stage3_normalized"":0.8,""stage3_raw"":1,""step"":5},{""champion_normalized"":1.0,""champion_raw"":0,""normalized_difference"":""1/5"",""stage3_normalized"":0.8,""stage3_raw"":1,""step"":6}]",fc73db38862711e21b40f58fe69a01fbc9159f395b2eb40e53640f633e64ea3a,program-d5ad1c8203e0d9f25f03aabd,e444562c1b308e3b23cb732be5f769ea1923ac1809501cea8571318c4aff0a7b,2243214df58c805e9a9343dc31ed082279e1c2ac31b21243bf889dbc9a19e165,a5f540459695bbf7d454eeccbb8e48158d6130df6a769b67d1447de18276dc01,cef05bb644e2e0a9acbc4972fbaa6d4ba3e033ee8a73ecd756da44100c767f5c
o10-g0454-p4508,10,454,4508,32,0.79375,0.9625,-0.16875,127/160,77/80,-27/160,1,0,2,2,19,31,0,0,1,-27/5,31,5,"[{""champion_normalized"":0.8,""champion_raw"":1,""normalized_difference"":""1/5"",""stage3_normalized"":0.6,""stage3_raw"":2,""step"":1},{""champion_normalized"":0.8,""champion_raw"":1,""normalized_difference"":""1/5"",""stage3_normalized"":0.6,""stage3_raw"":2,""step"":2},{""champion_normalized"":0.8,""champion_raw"":1,""normalized_difference"":""-1/5"",""stage3_normalized"":1.0,""stage3_raw"":0,""step"":3},{""champion_normalized"":0.8,""champion_raw"":1,""normalized_difference"":""-1/5"",""stage3_normalized"":1.0,""stage3_raw"":0,""step"":4},{""champion_normalized"":0.8,""champion_raw"":1,""normalized_difference"":""-1/5"",""stage3_normalized"":1.0,""stage3_raw"":0,""step"":5},{""champion_normalized"":0.8,""champion_raw"":1,""normalized_difference"":""-1/5"",""stage3_normalized"":1.0,""stage3_raw"":0,""step"":6},{""champion_normalized"":0.8,""champion_raw"":1,""normalized_difference"":""-1/5"",""stage3_normalized"":1.0,""stage3_raw"":0,""step"":7},{""champion_normalized"":0.8,""champion_raw"":1,""normalized_difference"":""-1/5"",""stage3_normalized"":1.0,""stage3_raw"":0,""step"":8},{""champion_normalized"":0.8,""champion_raw"":1,""normalized_difference"":""-1/5"",""stage3_normalized"":1.0,""stage3_raw"":0,""step"":9},{""champion_normalized"":0.8,""champion_raw"":1,""normalized_difference"":""-1/5"",""stage3_normalized"":1.0,""stage3_raw"":0,""step"":10},{""champion_normalized"":0.8,""champion_raw"":1,""normalized_difference"":""-1/5"",""stage3_normalized"":1.0,""stage3_raw"":0,""step"":11},{""champion_normalized"":0.8,""champion_raw"":1,""normalized_difference"":""-1/5"",""stage3_normalized"":1.0,""stage3_raw"":0,""step"":12},{""champion_normalized"":0.8,""champion_raw"":1,""normalized_difference"":""-1/5"",""stage3_normalized"":1.0,""stage3_raw"":0,""step"":13},{""champion_normalized"":0.8,""champion_raw"":1,""normalized_difference"":""-1/5"",""stage3_normalized"":1.0,""stage3_raw"":0,""step"":14},{""champion_normalized"":0.8,""champion_raw"":1,""normalized_difference"":""-1/5"",""stage3_normalized"":1.0,""stage3_raw"":0,""step"":15},{""champion_normalized"":0.8,""champion_raw"":1,""normalized_difference"":""-1/5"",""stage3_normalized"":1.0,""stage3_raw"":0,""step"":16},{""champion_normalized"":0.8,""champion_raw"":1,""normalized_difference"":""-1/5"",""stage3_normalized"":1.0,""stage3_raw"":0,""step"":17},{""champion_normalized"":0.8,""champion_raw"":1,""normalized_difference"":""-1/5"",""stage3_normalized"":1.0,""stage3_raw"":0,""step"":18},{""champion_normalized"":0.8,""champion_raw"":1,""normalized_difference"":""-1/5"",""stage3_normalized"":1.0,""stage3_raw"":0,""step"":19},{""champion_normalized"":0.8,""champion_raw"":1,""normalized_difference"":""-1/5"",""stage3_normalized"":1.0,""stage3_raw"":0,""step"":20},{""champion_normalized"":0.8,""champion_raw"":1,""normalized_difference"":""-1/5"",""stage3_normalized"":1.0,""stage3_raw"":0,""step"":21},{""champion_normalized"":0.8,""champion_raw"":1,""normalized_difference"":""-1/5"",""stage3_normalized"":1.0,""stage3_raw"":0,""step"":22},{""champion_normalized"":0.8,""champion_raw"":1,""normalized_difference"":""-1/5"",""stage3_normalized"":1.0,""stage3_raw"":0,""step"":23},{""champion_normalized"":0.8,""champion_raw"":1,""normalized_difference"":""-1/5"",""stage3_normalized"":1.0,""stage3_raw"":0,""step"":24},{""champion_normalized"":0.8,""champion_raw"":1,""normalized_difference"":""-1/5"",""stage3_normalized"":1.0,""stage3_raw"":0,""step"":25},{""champion_normalized"":0.8,""champion_raw"":1,""normalized_difference"":""-1/5"",""stage3_normalized"":1.0,""stage3_raw"":0,""step"":26},{""champion_normalized"":0.8,""champion_raw"":1,""normalized_difference"":""-1/5"",""stage3_normalized"":1.0,""stage3_raw"":0,""step"":27},{""champion_normalized"":0.8,""champion_raw"":1,""normalized_difference"":""-1/5"",""stage3_normalized"":1.0,""stage3_raw"":0,""step"":28},{""champion_normalized"":0.8,""champion_raw"":1,""normalized_difference"":""-1/5"",""stage3_normalized"":1.0,""stage3_raw"":0,""step"":29},{""champion_normalized"":0.8,""champion_raw"":1,""normalized_difference"":""-1/5"",""stage3_normalized"":1.0,""stage3_raw"":0,""step"":30},{""champion_normalized"":0.8,""champion_raw"":1,""normalized_difference"":""-1/5"",""stage3_normalized"":1.0,""stage3_raw"":0,""step"":31}]",cd3cb369336803d00e0ad577a98f7d9328515e2b1f87604bae10a4c8f6971e9b,program-d5ad1c8203e0d9f25f03aabd,e444562c1b308e3b23cb732be5f769ea1923ac1809501cea8571318c4aff0a7b,2243214df58c805e9a9343dc31ed082279e1c2ac31b21243bf889dbc9a19e165,a5f540459695bbf7d454eeccbb8e48158d6130df6a769b67d1447de18276dc01,cef05bb644e2e0a9acbc4972fbaa6d4ba3e033ee8a73ecd756da44100c767f5c
o10-g0454-p4509,10,454,4509,32,0.9625,0.9625,0.0,77/80,77/80,0,0,0,2,2,35,35,0,0,,0,0,5,[],ea857d80e1e784c88e723b3c22047ef2f35497f039a32142e8e70dc12cea8eea,program-d5ad1c8203e0d9f25f03aabd,e444562c1b308e3b23cb732be5f769ea1923ac1809501cea8571318c4aff0a7b,2243214df58c805e9a9343dc31ed082279e1c2ac31b21243bf889dbc9a19e165,a5f540459695bbf7d454eeccbb8e48158d6130df6a769b67d1447de18276dc01,cef05bb644e2e0a9acbc4972fbaa6d4ba3e033ee8a73ecd756da44100c767f5c
o10-g0454-p4510,10,454,4510,32,0.9125,0.85625,0.05625,73/80,137/160,9/160,0,0,4,3,22,24,0,0,6,9/5,5,5,"[{""champion_normalized"":0.8,""champion_raw"":1,""normalized_difference"":""1/5"",""stage3_normalized"":0.6,""stage3_raw"":2,""step"":6},{""champion_normalized"":1.0,""champion_raw"":0,""normalized_difference"":""2/5"",""stage3_normalized"":0.6,""stage3_raw"":2,""step"":7},{""champion_normalized"":1.0,""champion_raw"":0,""normalized_difference"":""2/5"",""stage3_normalized"":0.6,""stage3_raw"":2,""step"":8},{""champion_normalized"":1.0,""champion_raw"":0,""normalized_difference"":""2/5"",""stage3_normalized"":0.6,""stage3_raw"":2,""step"":9},{""champion_normalized"":1.0,""champion_raw"":0,""normalized_difference"":""2/5"",""stage3_normalized"":0.6,""stage3_raw"":2,""step"":10}]",4fabb6a33ac8c6fa6f2b5c6c1033d8c6b9fce4428b713e51b9ea71c6762ae6bd,program-d5ad1c8203e0d9f25f03aabd,e444562c1b308e3b23cb732be5f769ea1923ac1809501cea8571318c4aff0a7b,2243214df58c805e9a9343dc31ed082279e1c2ac31b21243bf889dbc9a19e165,a5f540459695bbf7d454eeccbb8e48158d6130df6a769b67d1447de18276dc01,cef05bb644e2e0a9acbc4972fbaa6d4ba3e033ee8a73ecd756da44100c767f5c
o10-g0454-p4511,10,454,4511,32,0.9875,0.9875,0.0,79/80,79/80,0,0,0,2,2,20,20,0,0,,0,0,5,[],43908bd4d156501d49e433b9b6b40855f05c5b22e316473e67126fee3de937f6,program-d5ad1c8203e0d9f25f03aabd,e444562c1b308e3b23cb732be5f769ea1923ac1809501cea8571318c4aff0a7b,2243214df58c805e9a9343dc31ed082279e1c2ac31b21243bf889dbc9a19e165,a5f540459695bbf7d454eeccbb8e48158d6130df6a769b67d1447de18276dc01,cef05bb644e2e0a9acbc4972fbaa6d4ba3e033ee8a73ecd756da44100c767f5c
o10-g0454-p4512,10,454,4512,32,1.0,1.0,0.0,1,1,0,0,0,1,1,21,21,0,0,,0,0,5,[],e879bd33508c9c2ec455ac3076d056457e62b5b61e5d8dfed27bd1f4e6556925,program-d5ad1c8203e0d9f25f03aabd,e444562c1b308e3b23cb732be5f769ea1923ac1809501cea8571318c4aff0a7b,2243214df58c805e9a9343dc31ed082279e1c2ac31b21243bf889dbc9a19e165,a5f540459695bbf7d454eeccbb8e48158d6130df6a769b67d1447de18276dc01,cef05bb644e2e0a9acbc4972fbaa6d4ba3e033ee8a73ecd756da44100c767f5c
o10-g0454-p4513,10,454,4513,32,0.98125,0.98125,0.0,157/160,157/160,0,0,0,2,2,17,17,0,0,,0,0,5,[],d23b8fe43f88e81943c73277e9941a7e3b60fcddf11887c914e6ae138290aec5,program-d5ad1c8203e0d9f25f03aabd,e444562c1b308e3b23cb732be5f769ea1923ac1809501cea8571318c4aff0a7b,2243214df58c805e9a9343dc31ed082279e1c2ac31b21243bf889dbc9a19e165,a5f540459695bbf7d454eeccbb8e48158d6130df6a769b67d1447de18276dc01,cef05bb644e2e0a9acbc4972fbaa6d4ba3e033ee8a73ecd756da44100c767f5c
o10-g0454-p4514,10,454,4514,32,0.8375,0.8375,0.0,67/80,67/80,0,0,0,3,4,23,15,0,0,10,0,2,5,"[{""champion_normalized"":0.6,""champion_raw"":2,""normalized_difference"":""-1/5"",""stage3_normalized"":0.8,""stage3_raw"":1,""step"":10},{""champion_normalized"":1.0,""champion_raw"":0,""normalized_difference"":""1/5"",""stage3_normalized"":0.8,""stage3_raw"":1,""step"":11}]",eb9d4f33c9df0a7117500d2b5cab51b8cc0ca6679c431cc8710e194978d5af9e,program-d5ad1c8203e0d9f25f03aabd,e444562c1b308e3b23cb732be5f769ea1923ac1809501cea8571318c4aff0a7b,2243214df58c805e9a9343dc31ed082279e1c2ac31b21243bf889dbc9a19e165,a5f540459695bbf7d454eeccbb8e48158d6130df6a769b67d1447de18276dc01,cef05bb644e2e0a9acbc4972fbaa6d4ba3e033ee8a73ecd756da44100c767f5c
o10-g0454-p4515,10,454,4515,32,0.9875,0.9625,0.025,79/80,77/80,1/40,0,0,2,2,35,29,0,0,1,4/5,2,5,"[{""champion_normalized"":1.0,""champion_raw"":0,""normalized_difference"":""2/5"",""stage3_normalized"":0.6,""stage3_raw"":2,""step"":1},{""champion_normalized"":1.0,""champion_raw"":0,""normalized_difference"":""2/5"",""stage3_normalized"":0.6,""stage3_raw"":2,""step"":2}]",60afde96bfc0477e18981a7e176dba38f68a9fe8a8a1d5e4a5bc86f371a6aa9b,program-d5ad1c8203e0d9f25f03aabd,e444562c1b308e3b23cb732be5f769ea1923ac1809501cea8571318c4aff0a7b,2243214df58c805e9a9343dc31ed082279e1c2ac31b21243bf889dbc9a19e165,a5f540459695bbf7d454eeccbb8e48158d6130df6a769b67d1447de18276dc01,cef05bb644e2e0a9acbc4972fbaa6d4ba3e033ee8a73ecd756da44100c767f5c
o10-g0454-p4516,10,454,4516,32,0.95,0.8375,0.1125,19/20,67/80,9/80,0,0,2,2,43,17,0,0,4,18/5,9,5,"[{""champion_normalized"":1.0,""champion_raw"":0,""normalized_difference"":""2/5"",""stage3_normalized"":0.6,""stage3_raw"":2,""step"":4},{""champion_normalized"":1.0,""champion_raw"":0,""normalized_difference"":""2/5"",""stage3_normalized"":0.6,""stage3_raw"":2,""step"":5},{""champion_normalized"":1.0,""champion_raw"":0,""normalized_difference"":""2/5"",""stage3_normalized"":0.6,""stage3_raw"":2,""step"":6},{""champion_normalized"":1.0,""champion_raw"":0,""normalized_difference"":""2/5"",""stage3_normalized"":0.6,""stage3_raw"":2,""step"":7},{""champion_normalized"":1.0,""champion_raw"":0,""normalized_difference"":""2/5"",""stage3_normalized"":0.6,""stage3_raw"":2,""step"":8},{""champion_normalized"":1.0,""champion_raw"":0,""normalized_difference"":""2/5"",""stage3_normalized"":0.6,""stage3_raw"":2,""step"":9},{""champion_normalized"":1.0,""champion_raw"":0,""normalized_difference"":""2/5"",""stage3_normalized"":0.6,""stage3_raw"":2,""step"":10},{""champion_normalized"":1.0,""champion_raw"":0,""normalized_difference"":""2/5"",""stage3_normalized"":0.6,""stage3_raw"":2,""step"":11},{""champion_normalized"":1.0,""champion_raw"":0,""normalized_difference"":""2/5"",""stage3_normalized"":0.6,""stage3_raw"":2,""step"":12}]",ef55c05c715278f8952d78641d07271f233433ad24c703011d6ec09a63c6b7ff,program-d5ad1c8203e0d9f25f03aabd,e444562c1b308e3b23cb732be5f769ea1923ac1809501cea8571318c4aff0a7b,2243214df58c805e9a9343dc31ed082279e1c2ac31b21243bf889dbc9a19e165,a5f540459695bbf7d454eeccbb8e48158d6130df6a769b67d1447de18276dc01,cef05bb644e2e0a9acbc4972fbaa6d4ba3e033ee8a73ecd756da44100c767f5c
o12-g0451-p4501,12,451,4501,32,0.9791666666666666,0.9791666666666666,0.0,47/48,47/48,0,0,0,2,2,16,16,0,0,,0,0,6,[],e7c24930a1d44af2cf0d6bb45595aad5cd6b23a753a834165ceefac30de2a9c4,program-d5ad1c8203e0d9f25f03aabd,e444562c1b308e3b23cb732be5f769ea1923ac1809501cea8571318c4aff0a7b,2243214df58c805e9a9343dc31ed082279e1c2ac31b21243bf889dbc9a19e165,a5f540459695bbf7d454eeccbb8e48158d6130df6a769b67d1447de18276dc01,cef05bb644e2e0a9acbc4972fbaa6d4ba3e033ee8a73ecd756da44100c767f5c
o12-g0451-p4502,12,451,4502,32,0.8229166666666666,0.875,-0.052083333333333336,79/96,7/8,-5/96,1,0,2,3,37,41,0,0,22,-5/3,10,6,"[{""champion_normalized"":0.8333333333333334,""champion_raw"":1,""normalized_difference"":""-1/6"",""stage3_normalized"":1.0,""stage3_raw"":0,""step"":22},{""champion_normalized"":0.8333333333333334,""champion_raw"":1,""normalized_difference"":""-1/6"",""stage3_normalized"":1.0,""stage3_raw"":0,""step"":23},{""champion_normalized"":0.8333333333333334,""champion_raw"":1,""normalized_difference"":""-1/6"",""stage3_normalized"":1.0,""stage3_raw"":0,""step"":24},{""champion_normalized"":0.8333333333333334,""champion_raw"":1,""normalized_difference"":""-1/6"",""stage3_normalized"":1.0,""stage3_raw"":0,""step"":25},{""champion_normalized"":0.8333333333333334,""champion_raw"":1,""normalized_difference"":""-1/6"",""stage3_normalized"":1.0,""stage3_raw"":0,""step"":26},{""champion_normalized"":0.8333333333333334,""champion_raw"":1,""normalized_difference"":""-1/6"",""stage3_normalized"":1.0,""stage3_raw"":0,""step"":27},{""champion_normalized"":0.8333333333333334,""champion_raw"":1,""normalized_difference"":""-1/6"",""stage3_normalized"":1.0,""stage3_raw"":0,""step"":28},{""champion_normalized"":0.8333333333333334,""champion_raw"":1,""normalized_difference"":""-1/6"",""stage3_normalized"":1.0,""stage3_raw"":0,""step"":29},{""champion_normalized"":0.8333333333333334,""champion_raw"":1,""normalized_difference"":""-1/6"",""stage3_normalized"":1.0,""stage3_raw"":0,""step"":30},{""champion_normalized"":0.8333333333333334,""champion_raw"":1,""normalized_difference"":""-1/6"",""stage3_normalized"":1.0,""stage3_raw"":0,""step"":31}]",c3987341fd52323cf9eca81c12cb8e7f9cd399117adad6f3e30cbec5104e0888,program-d5ad1c8203e0d9f25f03aabd,e444562c1b308e3b23cb732be5f769ea1923ac1809501cea8571318c4aff0a7b,2243214df58c805e9a9343dc31ed082279e1c2ac31b21243bf889dbc9a19e165,a5f540459695bbf7d454eeccbb8e48158d6130df6a769b67d1447de18276dc01,cef05bb644e2e0a9acbc4972fbaa6d4ba3e033ee8a73ecd756da44100c767f5c
o12-g0451-p4503,12,451,4503,32,0.984375,0.9166666666666666,0.06770833333333333,63/64,11/12,13/192,0,0,3,3,22,23,0,0,2,13/6,13,6,"[{""champion_normalized"":1.0,""champion_raw"":0,""normalized_difference"":""1/6"",""stage3_normalized"":0.8333333333333334,""stage3_raw"":1,""step"":2},{""champion_normalized"":1.0,""champion_raw"":0,""normalized_difference"":""1/6"",""stage3_normalized"":0.8333333333333334,""stage3_raw"":1,""step"":3},{""champion_normalized"":1.0,""champion_raw"":0,""normalized_difference"":""1/6"",""stage3_normalized"":0.8333333333333334,""stage3_raw"":1,""step"":4},{""champion_normalized"":1.0,""champion_raw"":0,""normalized_difference"":""1/6"",""stage3_normalized"":0.8333333333333334,""stage3_raw"":1,""step"":5},{""champion_normalized"":1.0,""champion_raw"":0,""normalized_difference"":""1/6"",""stage3_normalized"":0.8333333333333334,""stage3_raw"":1,""step"":6},{""champion_normalized"":1.0,""champion_raw"":0,""normalized_difference"":""1/6"",""stage3_normalized"":0.8333333333333334,""stage3_raw"":1,""step"":7},{""champion_normalized"":1.0,""champion_raw"":0,""normalized_difference"":""1/6"",""stage3_normalized"":0.8333333333333334,""stage3_raw"":1,""step"":8},{""champion_normalized"":1.0,""champion_raw"":0,""normalized_difference"":""1/6"",""stage3_normalized"":0.8333333333333334,""stage3_raw"":1,""step"":9},{""champion_normalized"":1.0,""champion_raw"":0,""normalized_difference"":""1/6"",""stage3_normalized"":0.8333333333333334,""stage3_raw"":1,""step"":10},{""champion_normalized"":1.0,""champion_raw"":0,""normalized_difference"":""1/6"",""stage3_normalized"":0.8333333333333334,""stage3_raw"":1,""step"":11},{""champion_normalized"":1.0,""champion_raw"":0,""normalized_difference"":""1/6"",""stage3_normalized"":0.8333333333333334,""stage3_raw"":1,""step"":12},{""champion_normalized"":1.0,""champion_raw"":0,""normalized_difference"":""1/6"",""stage3_normalized"":0.8333333333333334,""stage3_raw"":1,""step"":13},{""champion_normalized"":1.0,""champion_raw"":0,""normalized_difference"":""1/6"",""stage3_normalized"":0.8333333333333334,""stage3_raw"":1,""step"":14}]",6277eccf7a15eae6056e464fb2529f492007259f86157453d0229d64eb2ba0d7,program-d5ad1c8203e0d9f25f03aabd,e444562c1b308e3b23cb732be5f769ea1923ac1809501cea8571318c4aff0a7b,2243214df58c805e9a9343dc31ed082279e1c2ac31b21243bf889dbc9a19e165,a5f540459695bbf7d454eeccbb8e48158d6130df6a769b67d1447de18276dc01,cef05bb644e2e0a9acbc4972fbaa6d4ba3e033ee8a73ecd756da44100c767f5c
o12-g0451-p4504,12,451,4504,32,0.953125,0.9895833333333334,-0.036458333333333336,61/64,95/96,-7/192,0,0,4,2,47,15,0,0,0,-7/6,4,6,"[{""champion_normalized"":0.5,""champion_raw"":3,""normalized_difference"":""-1/3"",""stage3_normalized"":0.8333333333333334,""stage3_raw"":1,""step"":0},{""champion_normalized"":0.5,""champion_raw"":3,""normalized_difference"":""-1/3"",""stage3_normalized"":0.8333333333333334,""stage3_raw"":1,""step"":1},{""champion_normalized"":0.6666666666666666,""champion_raw"":2,""normalized_difference"":""-1/3"",""stage3_normalized"":1.0,""stage3_raw"":0,""step"":2},{""champion_normalized"":0.8333333333333334,""champion_raw"":1,""normalized_difference"":""-1/6"",""stage3_normalized"":1.0,""stage3_raw"":0,""step"":3}]",d1bedb27741337af6ac035e313aafc4de1fb26c8b52a5f24b8c6748aab136337,program-d5ad1c8203e0d9f25f03aabd,e444562c1b308e3b23cb732be5f769ea1923ac1809501cea8571318c4aff0a7b,2243214df58c805e9a9343dc31ed082279e1c2ac31b21243bf889dbc9a19e165,a5f540459695bbf7d454eeccbb8e48158d6130df6a769b67d1447de18276dc01,cef05bb644e2e0a9acbc4972fbaa6d4ba3e033ee8a73ecd756da44100c767f5c
o12-g0451-p4505,12,451,4505,32,0.953125,0.8645833333333334,0.08854166666666667,61/64,83/96,17/192,0,0,2,5,16,16,0,0,0,17/6,14,6,"[{""champion_normalized"":0.5,""champion_raw"":3,""normalized_difference"":""1/3"",""stage3_normalized"":0.16666666666666666,""stage3_raw"":5,""step"":0},{""champion_normalized"":1.0,""champion_raw"":0,""normalized_difference"":""1/3"",""stage3_normalized"":0.6666666666666666,""stage3_raw"":2,""step"":3},{""champion_normalized"":1.0,""champion_raw"":0,""normalized_difference"":""1/3"",""stage3_normalized"":0.6666666666666666,""stage3_raw"":2,""step"":4},{""champion_normalized"":1.0,""champion_raw"":0,""normalized_difference"":""1/6"",""stage3_normalized"":0.8333333333333334,""stage3_raw"":1,""step"":5},{""champion_normalized"":1.0,""champion_raw"":0,""normalized_difference"":""1/6"",""stage3_normalized"":0.8333333333333334,""stage3_raw"":1,""step"":6},{""champion_normalized"":1.0,""champion_raw"":0,""normalized_difference"":""1/6"",""stage3_normalized"":0.8333333333333334,""stage3_raw"":1,""step"":7},{""champion_normalized"":1.0,""champion_raw"":0,""normalized_difference"":""1/6"",""stage3_normalized"":0.8333333333333334,""stage3_raw"":1,""step"":8},{""champion_normalized"":1.0,""champion_raw"":0,""normalized_difference"":""1/6"",""stage3_normalized"":0.8333333333333334,""stage3_raw"":1,""step"":9},{""champion_normalized"":1.0,""champion_raw"":0,""normalized_difference"":""1/6"",""stage3_normalized"":0.8333333333333334,""stage3_raw"":1,""step"":10},{""champion_normalized"":1.0,""champion_raw"":0,""normalized_difference"":""1/6"",""stage3_normalized"":0.8333333333333334,""stage3_raw"":1,""step"":11},{""champion_normalized"":1.0,""champion_raw"":0,""normalized_difference"":""1/6"",""stage3_normalized"":0.8333333333333334,""stage3_raw"":1,""step"":12},{""champion_normalized"":1.0,""champion_raw"":0,""normalized_difference"":""1/6"",""stage3_normalized"":0.8333333333333334,""stage3_raw"":1,""step"":13},{""champion_normalized"":1.0,""champion_raw"":0,""normalized_difference"":""1/6"",""stage3_normalized"":0.8333333333333334,""stage3_raw"":1,""step"":14},{""champion_normalized"":1.0,""champion_raw"":0,""normalized_difference"":""1/6"",""stage3_normalized"":0.8333333333333334,""stage3_raw"":1,""step"":15}]",4809a284e3b7efb6854f2e17ce60469d63b07df427bc7c739dd2cf045cdc35ea,program-d5ad1c8203e0d9f25f03aabd,e444562c1b308e3b23cb732be5f769ea1923ac1809501cea8571318c4aff0a7b,2243214df58c805e9a9343dc31ed082279e1c2ac31b21243bf889dbc9a19e165,a5f540459695bbf7d454eeccbb8e48158d6130df6a769b67d1447de18276dc01,cef05bb644e2e0a9acbc4972fbaa6d4ba3e033ee8a73ecd756da44100c767f5c
o12-g0451-p4506,12,451,4506,32,0.921875,0.9739583333333334,-0.052083333333333336,59/64,187/192,-5/96,0,0,3,3,38,45,0,0,2,-5/3,10,6,"[{""champion_normalized"":0.6666666666666666,""champion_raw"":2,""normalized_difference"":""-1/6"",""stage3_normalized"":0.8333333333333334,""stage3_raw"":1,""step"":2},{""champion_normalized"":0.8333333333333334,""champion_raw"":1,""normalized_difference"":""-1/6"",""stage3_normalized"":1.0,""stage3_raw"":0,""step"":3},{""champion_normalized"":0.8333333333333334,""champion_raw"":1,""normalized_difference"":""-1/6"",""stage3_normalized"":1.0,""stage3_raw"":0,""step"":4},{""champion_normalized"":0.8333333333333334,""champion_raw"":1,""normalized_difference"":""-1/6"",""stage3_normalized"":1.0,""stage3_raw"":0,""step"":5},{""champion_normalized"":0.8333333333333334,""champion_raw"":1,""normalized_difference"":""-1/6"",""stage3_normalized"":1.0,""stage3_raw"":0,""step"":6},{""champion_normalized"":0.8333333333333334,""champion_raw"":1,""normalized_difference"":""-1/6"",""stage3_normalized"":1.0,""stage3_raw"":0,""step"":7},{""champion_normalized"":0.8333333333333334,""champion_raw"":1,""normalized_difference"":""-1/6"",""stage3_normalized"":1.0,""stage3_raw"":0,""step"":8},{""champion_normalized"":0.8333333333333334,""champion_raw"":1,""normalized_difference"":""-1/6"",""stage3_normalized"":1.0,""stage3_raw"":0,""step"":9},{""champion_normalized"":0.8333333333333334,""champion_raw"":1,""normalized_difference"":""-1/6"",""stage3_normalized"":1.0,""stage3_raw"":0,""step"":10},{""champion_normalized"":0.8333333333333334,""champion_raw"":1,""normalized_difference"":""-1/6"",""stage3_normalized"":1.0,""stage3_raw"":0,""step"":11}]",13354e1c2ec6ed9cb6f58f7ab1bf2862ee2cb4b36d366deed748c05e474105e3,program-d5ad1c8203e0d9f25f03aabd,e444562c1b308e3b23cb732be5f769ea1923ac1809501cea8571318c4aff0a7b,2243214df58c805e9a9343dc31ed082279e1c2ac31b21243bf889dbc9a19e165,a5f540459695bbf7d454eeccbb8e48158d6130df6a769b67d1447de18276dc01,cef05bb644e2e0a9acbc4972fbaa6d4ba3e033ee8a73ecd756da44100c767f5c
o12-g0451-p4507,12,451,4507,32,1.0,1.0,0.0,1,1,0,0,0,1,1,15,15,0,0,,0,0,6,[],240779d4323454b7acde3cfb57cc57f7c99a339f86e93fda23d4ff5778f466ae,program-d5ad1c8203e0d9f25f03aabd,e444562c1b308e3b23cb732be5f769ea1923ac1809501cea8571318c4aff0a7b,2243214df58c805e9a9343dc31ed082279e1c2ac31b21243bf889dbc9a19e165,a5f540459695bbf7d454eeccbb8e48158d6130df6a769b67d1447de18276dc01,cef05bb644e2e0a9acbc4972fbaa6d4ba3e033ee8a73ecd756da44100c767f5c
o12-g0451-p4508,12,451,4508,32,0.9010416666666666,0.8385416666666666,0.0625,173/192,161/192,1/16,0,0,3,4,21,30,0,0,0,2,14,6,"[{""champion_normalized"":0.5,""champion_raw"":3,""normalized_difference"":""1/6"",""stage3_normalized"":0.3333333333333333,""stage3_raw"":4,""step"":0},{""champion_normalized"":0.5,""champion_raw"":3,""normalized_difference"":""-1/6"",""stage3_normalized"":0.6666666666666666,""stage3_raw"":2,""step"":1},{""champion_normalized"":0.8333333333333334,""champion_raw"":1,""normalized_difference"":""1/6"",""stage3_normalized"":0.6666666666666666,""stage3_raw"":2,""step"":2},{""champion_normalized"":0.8333333333333334,""champion_raw"":1,""normalized_difference"":""1/6"",""stage3_normalized"":0.6666666666666666,""stage3_raw"":2,""step"":3},{""champion_normalized"":1.0,""champion_raw"":0,""normalized_difference"":""1/6"",""stage3_normalized"":0.8333333333333334,""stage3_raw"":1,""step"":15},{""champion_normalized"":1.0,""champion_raw"":0,""normalized_difference"":""1/6"",""stage3_normalized"":0.8333333333333334,""stage3_raw"":1,""step"":16},{""champion_normalized"":1.0,""champion_raw"":0,""normalized_difference"":""1/6"",""stage3_normalized"":0.8333333333333334,""stage3_raw"":1,""step"":17},{""champion_normalized"":1.0,""champion_raw"":0,""normalized_difference"":""1/6"",""stage3_normalized"":0.8333333333333334,""stage3_raw"":1,""step"":18},{""champion_normalized"":1.0,""champion_raw"":0,""normalized_difference"":""1/6"",""stage3_normalized"":0.8333333333333334,""stage3_raw"":1,""step"":19},{""champion_normalized"":1.0,""champion_raw"":0,""normalized_difference"":""1/6"",""stage3_normalized"":0.8333333333333334,""stage3_raw"":1,""step"":20},{""champion_normalized"":1.0,""champion_raw"":0,""normalized_difference"":""1/6"",""stage3_normalized"":0.8333333333333334,""stage3_raw"":1,""step"":21},{""champion_normalized"":1.0,""champion_raw"":0,""normalized_difference"":""1/6"",""stage3_normalized"":0.8333333333333334,""stage3_raw"":1,""step"":22},{""champion_normalized"":1.0,""champion_raw"":0,""normalized_difference"":""1/6"",""stage3_normalized"":0.8333333333333334,""stage3_raw"":1,""step"":23},{""champion_normalized"":1.0,""champion_raw"":0,""normalized_difference"":""1/6"",""stage3_normalized"":0.8333333333333334,""stage3_raw"":1,""step"":24}]",225e6377e28fb14f2e5ad18ef5005cee56f32d49b596a982275e8eaf4a8325d0,program-d5ad1c8203e0d9f25f03aabd,e444562c1b308e3b23cb732be5f769ea1923ac1809501cea8571318c4aff0a7b,2243214df58c805e9a9343dc31ed082279e1c2ac31b21243bf889dbc9a19e165,a5f540459695bbf7d454eeccbb8e48158d6130df6a769b67d1447de18276dc01,cef05bb644e2e0a9acbc4972fbaa6d4ba3e033ee8a73ecd756da44100c767f5c
o12-g0451-p4509,12,451,4509,32,0.9791666666666666,0.9791666666666666,0.0,47/48,47/48,0,0,0,2,2,35,35,0,0,,0,0,6,[],40ef990fd6115d4d3643a89d3e33b0baf7ef013459d21a4fb0c6520f69ece111,program-d5ad1c8203e0d9f25f03aabd,e444562c1b308e3b23cb732be5f769ea1923ac1809501cea8571318c4aff0a7b,2243214df58c805e9a9343dc31ed082279e1c2ac31b21243bf889dbc9a19e165,a5f540459695bbf7d454eeccbb8e48158d6130df6a769b67d1447de18276dc01,cef05bb644e2e0a9acbc4972fbaa6d4ba3e033ee8a73ecd756da44100c767f5c
o12-g0451-p4510,12,451,4510,32,0.9375,0.953125,-0.015625,15/16,61/64,-1/64,0,0,3,3,24,23,0,0,5,-1/2,3,6,"[{""champion_normalized"":0.8333333333333334,""champion_raw"":1,""normalized_difference"":""-1/6"",""stage3_normalized"":1.0,""stage3_raw"":0,""step"":5},{""champion_normalized"":0.8333333333333334,""champion_raw"":1,""normalized_difference"":""-1/6"",""stage3_normalized"":1.0,""stage3_raw"":0,""step"":6},{""champion_normalized"":0.8333333333333334,""champion_raw"":1,""normalized_difference"":""-1/6"",""stage3_normalized"":1.0,""stage3_raw"":0,""step"":7}]",78802cbfe04647a3048ece86e301f672fe35d66b7074721269cc613e5e3645bc,program-d5ad1c8203e0d9f25f03aabd,e444562c1b308e3b23cb732be5f769ea1923ac1809501cea8571318c4aff0a7b,2243214df58c805e9a9343dc31ed082279e1c2ac31b21243bf889dbc9a19e165,a5f540459695bbf7d454eeccbb8e48158d6130df6a769b67d1447de18276dc01,cef05bb644e2e0a9acbc4972fbaa6d4ba3e033ee8a73ecd756da44100c767f5c
o12-g0451-p4511,12,451,4511,32,0.9583333333333334,0.9375,0.020833333333333332,23/24,15/16,1/48,0,0,3,3,42,33,0,0,4,2/3,4,6,"[{""champion_normalized"":1.0,""champion_raw"":0,""normalized_difference"":""1/6"",""stage3_normalized"":0.8333333333333334,""stage3_raw"":1,""step"":4},{""champion_normalized"":1.0,""champion_raw"":0,""normalized_difference"":""1/6"",""stage3_normalized"":0.8333333333333334,""stage3_raw"":1,""step"":5},{""champion_normalized"":1.0,""champion_raw"":0,""normalized_difference"":""1/6"",""stage3_normalized"":0.8333333333333334,""stage3_raw"":1,""step"":6},{""champion_normalized"":1.0,""champion_raw"":0,""normalized_difference"":""1/6"",""stage3_normalized"":0.8333333333333334,""stage3_raw"":1,""step"":7}]",c06180d4e5793cbc127034cd8636ff50cc66091967e8790d6b8ea191dba5fb06,program-d5ad1c8203e0d9f25f03aabd,e444562c1b308e3b23cb732be5f769ea1923ac1809501cea8571318c4aff0a7b,2243214df58c805e9a9343dc31ed082279e1c2ac31b21243bf889dbc9a19e165,a5f540459695bbf7d454eeccbb8e48158d6130df6a769b67d1447de18276dc01,cef05bb644e2e0a9acbc4972fbaa6d4ba3e033ee8a73ecd756da44100c767f5c
o12-g0451-p4512,12,451,4512,32,0.8697916666666666,0.8958333333333334,-0.026041666666666668,167/192,43/48,-5/192,0,0,4,3,26,35,0,0,7,-5/6,7,6,"[{""champion_normalized"":0.8333333333333334,""champion_raw"":1,""normalized_difference"":""1/6"",""stage3_normalized"":0.6666666666666666,""stage3_raw"":2,""step"":7},{""champion_normalized"":0.8333333333333334,""champion_raw"":1,""normalized_difference"":""-1/6"",""stage3_normalized"":1.0,""stage3_raw"":0,""step"":8},{""champion_normalized"":0.8333333333333334,""champion_raw"":1,""normalized_difference"":""-1/6"",""stage3_normalized"":1.0,""stage3_raw"":0,""step"":9},{""champion_normalized"":0.8333333333333334,""champion_raw"":1,""normalized_difference"":""-1/6"",""stage3_normalized"":1.0,""stage3_raw"":0,""step"":10},{""champion_normalized"":0.8333333333333334,""champion_raw"":1,""normalized_difference"":""-1/6"",""stage3_normalized"":1.0,""stage3_raw"":0,""step"":11},{""champion_normalized"":0.8333333333333334,""champion_raw"":1,""normalized_difference"":""-1/6"",""stage3_normalized"":1.0,""stage3_raw"":0,""step"":12},{""champion_normalized"":0.8333333333333334,""champion_raw"":1,""normalized_difference"":""-1/6"",""stage3_normalized"":1.0,""stage3_raw"":0,""step"":13}]",5a0f770666b7d09326b3f984235abec208afba2aa1f937616bd101d59053cb55,program-d5ad1c8203e0d9f25f03aabd,e444562c1b308e3b23cb732be5f769ea1923ac1809501cea8571318c4aff0a7b,2243214df58c805e9a9343dc31ed082279e1c2ac31b21243bf889dbc9a19e165,a5f540459695bbf7d454eeccbb8e48158d6130df6a769b67d1447de18276dc01,cef05bb644e2e0a9acbc4972fbaa6d4ba3e033ee8a73ecd756da44100c767f5c
o12-g0451-p4513,12,451,4513,32,0.96875,0.9427083333333334,0.026041666666666668,31/32,181/192,5/192,0,0,3,3,37,25,0,0,2,5/6,5,6,"[{""champion_normalized"":0.8333333333333334,""champion_raw"":1,""normalized_difference"":""1/6"",""stage3_normalized"":0.6666666666666666,""stage3_raw"":2,""step"":2},{""champion_normalized"":0.8333333333333334,""champion_raw"":1,""normalized_difference"":""1/6"",""stage3_normalized"":0.6666666666666666,""stage3_raw"":2,""step"":3},{""champion_normalized"":1.0,""champion_raw"":0,""normalized_difference"":""1/6"",""stage3_normalized"":0.8333333333333334,""stage3_raw"":1,""step"":4},{""champion_normalized"":1.0,""champion_raw"":0,""normalized_difference"":""1/6"",""stage3_normalized"":0.8333333333333334,""stage3_raw"":1,""step"":5},{""champion_normalized"":1.0,""champion_raw"":0,""normalized_difference"":""1/6"",""stage3_normalized"":0.8333333333333334,""stage3_raw"":1,""step"":6}]",4d829fb51f564ca590ea7010189c56774e38dd52f12fda779f75beac85ac5410,program-d5ad1c8203e0d9f25f03aabd,e444562c1b308e3b23cb732be5f769ea1923ac1809501cea8571318c4aff0a7b,2243214df58c805e9a9343dc31ed082279e1c2ac31b21243bf889dbc9a19e165,a5f540459695bbf7d454eeccbb8e48158d6130df6a769b67d1447de18276dc01,cef05bb644e2e0a9acbc4972fbaa6d4ba3e033ee8a73ecd756da44100c767f5c
o12-g0451-p4514,12,451,4514,32,0.9583333333333334,0.890625,0.06770833333333333,23/24,57/64,13/192,0,0,3,4,18,16,0,0,1,13/6,13,6,"[{""champion_normalized"":0.8333333333333334,""champion_raw"":1,""normalized_difference"":""1/6"",""stage3_normalized"":0.6666666666666666,""stage3_raw"":2,""step"":1},{""champion_normalized"":0.8333333333333334,""champion_raw"":1,""normalized_difference"":""1/6"",""stage3_normalized"":0.6666666666666666,""stage3_raw"":2,""step"":2},{""champion_normalized"":1.0,""champion_raw"":0,""normalized_difference"":""1/6"",""stage3_normalized"":0.8333333333333334,""stage3_raw"":1,""step"":6},{""champion_normalized"":1.0,""champion_raw"":0,""normalized_difference"":""1/6"",""stage3_normalized"":0.8333333333333334,""stage3_raw"":1,""step"":7},{""champion_normalized"":1.0,""champion_raw"":0,""normalized_difference"":""1/6"",""stage3_normalized"":0.8333333333333334,""stage3_raw"":1,""step"":8},{""champion_normalized"":1.0,""champion_raw"":0,""normalized_difference"":""1/6"",""stage3_normalized"":0.8333333333333334,""stage3_raw"":1,""step"":9},{""champion_normalized"":1.0,""champion_raw"":0,""normalized_difference"":""1/6"",""stage3_normalized"":0.8333333333333334,""stage3_raw"":1,""step"":10},{""champion_normalized"":1.0,""champion_raw"":0,""normalized_difference"":""1/6"",""stage3_normalized"":0.8333333333333334,""stage3_raw"":1,""step"":11},{""champion_normalized"":1.0,""champion_raw"":0,""normalized_difference"":""1/6"",""stage3_normalized"":0.8333333333333334,""stage3_raw"":1,""step"":12},{""champion_normalized"":1.0,""champion_raw"":0,""normalized_difference"":""1/6"",""stage3_normalized"":0.8333333333333334,""stage3_raw"":1,""step"":13},{""champion_normalized"":1.0,""champion_raw"":0,""normalized_difference"":""1/6"",""stage3_normalized"":0.8333333333333334,""stage3_raw"":1,""step"":14},{""champion_normalized"":1.0,""champion_raw"":0,""normalized_difference"":""1/6"",""stage3_normalized"":0.8333333333333334,""stage3_raw"":1,""step"":15},{""champion_normalized"":1.0,""champion_raw"":0,""normalized_difference"":""1/6"",""stage3_normalized"":0.8333333333333334,""stage3_raw"":1,""step"":16}]",9817db8a22786c78bfaec7e1c0d3aeaddaedf00a456eca0cea5e7410631d9c0a,program-d5ad1c8203e0d9f25f03aabd,e444562c1b308e3b23cb732be5f769ea1923ac1809501cea8571318c4aff0a7b,2243214df58c805e9a9343dc31ed082279e1c2ac31b21243bf889dbc9a19e165,a5f540459695bbf7d454eeccbb8e48158d6130df6a769b67d1447de18276dc01,cef05bb644e2e0a9acbc4972fbaa6d4ba3e033ee8a73ecd756da44100c767f5c
o12-g0451-p4515,12,451,4515,32,0.9427083333333334,0.75,0.19270833333333334,181/192,3/4,37/192,0,1,4,3,61,22,0,0,3,37/6,29,6,"[{""champion_normalized"":0.8333333333333334,""champion_raw"":1,""normalized_difference"":""1/6"",""stage3_normalized"":0.6666666666666666,""stage3_raw"":2,""step"":3},{""champion_normalized"":0.8333333333333334,""champion_raw"":1,""normalized_difference"":""1/6"",""stage3_normalized"":0.6666666666666666,""stage3_raw"":2,""step"":4},{""champion_normalized"":0.8333333333333334,""champion_raw"":1,""normalized_difference"":""1/6"",""stage3_normalized"":0.6666666666666666,""stage3_raw"":2,""step"":5},{""champion_normalized"":1.0,""champion_raw"":0,""normalized_difference"":""1/3"",""stage3_normalized"":0.6666666666666666,""stage3_raw"":2,""step"":6},{""champion_normalized"":1.0,""champion_raw"":0,""normalized_difference"":""1/3"",""stage3_normalized"":0.6666666666666666,""stage3_raw"":2,""step"":7},{""champion_normalized"":1.0,""champion_raw"":0,""normalized_difference"":""1/3"",""stage3_normalized"":0.6666666666666666,""stage3_raw"":2,""step"":8},{""champion_normalized"":1.0,""champion_raw"":0,""normalized_difference"":""1/3"",""stage3_normalized"":0.6666666666666666,""stage3_raw"":2,""step"":9},{""champion_normalized"":1.0,""champion_raw"":0,""normalized_difference"":""1/3"",""stage3_normalized"":0.6666666666666666,""stage3_raw"":2,""step"":10},{""champion_normalized"":1.0,""champion_raw"":0,""normalized_difference"":""1/3"",""stage3_normalized"":0.6666666666666666,""stage3_raw"":2,""step"":11},{""champion_normalized"":1.0,""champion_raw"":0,""normalized_difference"":""1/3"",""stage3_normalized"":0.6666666666666666,""stage3_raw"":2,""step"":12},{""champion_normalized"":1.0,""champion_raw"":0,""normalized_difference"":""1/3"",""stage3_normalized"":0.6666666666666666,""stage3_raw"":2,""step"":13},{""champion_normalized"":1.0,""champion_raw"":0,""normalized_difference"":""1/6"",""stage3_normalized"":0.8333333333333334,""stage3_raw"":1,""step"":14},{""champion_normalized"":1.0,""champion_raw"":0,""normalized_difference"":""1/6"",""stage3_normalized"":0.8333333333333334,""stage3_raw"":1,""step"":15},{""champion_normalized"":1.0,""champion_raw"":0,""normalized_difference"":""1/6"",""stage3_normalized"":0.8333333333333334,""stage3_raw"":1,""step"":16},{""champion_normalized"":1.0,""champion_raw"":0,""normalized_difference"":""1/6"",""stage3_normalized"":0.8333333333333334,""stage3_raw"":1,""step"":17},{""champion_normalized"":1.0,""champion_raw"":0,""normalized_difference"":""1/6"",""stage3_normalized"":0.8333333333333334,""stage3_raw"":1,""step"":18},{""champion_normalized"":1.0,""champion_raw"":0,""normalized_difference"":""1/6"",""stage3_normalized"":0.8333333333333334,""stage3_raw"":1,""step"":19},{""champion_normalized"":1.0,""champion_raw"":0,""normalized_difference"":""1/6"",""stage3_normalized"":0.8333333333333334,""stage3_raw"":1,""step"":20},{""champion_normalized"":1.0,""champion_raw"":0,""normalized_difference"":""1/6"",""stage3_normalized"":0.8333333333333334,""stage3_raw"":1,""step"":21},{""champion_normalized"":1.0,""champion_raw"":0,""normalized_difference"":""1/6"",""stage3_normalized"":0.8333333333333334,""stage3_raw"":1,""step"":22},{""champion_normalized"":1.0,""champion_raw"":0,""normalized_difference"":""1/6"",""stage3_normalized"":0.8333333333333334,""stage3_raw"":1,""step"":23},{""champion_normalized"":1.0,""champion_raw"":0,""normalized_difference"":""1/6"",""stage3_normalized"":0.8333333333333334,""stage3_raw"":1,""step"":24},{""champion_normalized"":1.0,""champion_raw"":0,""normalized_difference"":""1/6"",""stage3_normalized"":0.8333333333333334,""stage3_raw"":1,""step"":25},{""champion_normalized"":1.0,""champion_raw"":0,""normalized_difference"":""1/6"",""stage3_normalized"":0.8333333333333334,""stage3_raw"":1,""step"":26},{""champion_normalized"":1.0,""champion_raw"":0,""normalized_difference"":""1/6"",""stage3_normalized"":0.8333333333333334,""stage3_raw"":1,""step"":27},{""champion_normalized"":1.0,""champion_raw"":0,""normalized_difference"":""1/6"",""stage3_normalized"":0.8333333333333334,""stage3_raw"":1,""step"":28},{""champion_normalized"":1.0,""champion_raw"":0,""normalized_difference"":""1/6"",""stage3_normalized"":0.8333333333333334,""stage3_raw"":1,""step"":29},{""champion_normalized"":1.0,""champion_raw"":0,""normalized_difference"":""1/6"",""stage3_normalized"":0.8333333333333334,""stage3_raw"":1,""step"":30},{""champion_normalized"":1.0,""champion_raw"":0,""normalized_difference"":""1/6"",""stage3_normalized"":0.8333333333333334,""stage3_raw"":1,""step"":31}]",719555d9b2d2408d350ef0e9d5fa19f5be5b862dd3886e40c4524791fc64bdbf,program-d5ad1c8203e0d9f25f03aabd,e444562c1b308e3b23cb732be5f769ea1923ac1809501cea8571318c4aff0a7b,2243214df58c805e9a9343dc31ed082279e1c2ac31b21243bf889dbc9a19e165,a5f540459695bbf7d454eeccbb8e48158d6130df6a769b67d1447de18276dc01,cef05bb644e2e0a9acbc4972fbaa6d4ba3e033ee8a73ecd756da44100c767f5c
o12-g0451-p4516,12,451,4516,32,0.9375,0.9791666666666666,-0.041666666666666664,15/16,47/48,-1/24,0,0,3,3,18,20,0,0,3,-4/3,8,6,"[{""champion_normalized"":0.8333333333333334,""champion_raw"":1,""normalized_difference"":""-1/6"",""stage3_normalized"":1.0,""stage3_raw"":0,""step"":3},{""champion_normalized"":0.8333333333333334,""champion_raw"":1,""normalized_difference"":""-1/6"",""stage3_normalized"":1.0,""stage3_raw"":0,""step"":4},{""champion_normalized"":0.8333333333333334,""champion_raw"":1,""normalized_difference"":""-1/6"",""stage3_normalized"":1.0,""stage3_raw"":0,""step"":5},{""champion_normalized"":0.8333333333333334,""champion_raw"":1,""normalized_difference"":""-1/6"",""stage3_normalized"":1.0,""stage3_raw"":0,""step"":6},{""champion_normalized"":0.8333333333333334,""champion_raw"":1,""normalized_difference"":""-1/6"",""stage3_normalized"":1.0,""stage3_raw"":0,""step"":7},{""champion_normalized"":0.8333333333333334,""champion_raw"":1,""normalized_difference"":""-1/6"",""stage3_normalized"":1.0,""stage3_raw"":0,""step"":8},{""champion_normalized"":0.8333333333333334,""champion_raw"":1,""normalized_difference"":""-1/6"",""stage3_normalized"":1.0,""stage3_raw"":0,""step"":9},{""champion_normalized"":0.8333333333333334,""champion_raw"":1,""normalized_difference"":""-1/6"",""stage3_normalized"":1.0,""stage3_raw"":0,""step"":10}]",d55a0a2e5dc7bd472e7f5ddd43d368719f0105b2f6023f374ab0e459e4f1bf34,program-d5ad1c8203e0d9f25f03aabd,e444562c1b308e3b23cb732be5f769ea1923ac1809501cea8571318c4aff0a7b,2243214df58c805e9a9343dc31ed082279e1c2ac31b21243bf889dbc9a19e165,a5f540459695bbf7d454eeccbb8e48158d6130df6a769b67d1447de18276dc01,cef05bb644e2e0a9acbc4972fbaa6d4ba3e033ee8a73ecd756da44100c767f5c
o12-g0452-p4501,12,452,4501,32,0.8645833333333334,0.8697916666666666,-0.005208333333333333,83/96,167/192,-1/192,0,0,4,3,22,36,0,0,2,-1/6,17,6,"[{""champion_normalized"":0.6666666666666666,""champion_raw"":2,""normalized_difference"":""1/6"",""stage3_normalized"":0.5,""stage3_raw"":3,""step"":2},{""champion_normalized"":0.6666666666666666,""champion_raw"":2,""normalized_difference"":""1/6"",""stage3_normalized"":0.5,""stage3_raw"":3,""step"":3},{""champion_normalized"":0.8333333333333334,""champion_raw"":1,""normalized_difference"":""1/3"",""stage3_normalized"":0.5,""stage3_raw"":3,""step"":4},{""champion_normalized"":0.8333333333333334,""champion_raw"":1,""normalized_difference"":""1/3"",""stage3_normalized"":0.5,""stage3_raw"":3,""step"":5},{""champion_normalized"":0.8333333333333334,""champion_raw"":1,""normalized_difference"":""1/3"",""stage3_normalized"":0.5,""stage3_raw"":3,""step"":6},{""champion_normalized"":0.8333333333333334,""champion_raw"":1,""normalized_difference"":""1/3"",""stage3_normalized"":0.5,""stage3_raw"":3,""step"":7},{""champion_normalized"":0.8333333333333334,""champion_raw"":1,""normalized_difference"":""-1/6"",""stage3_normalized"":1.0,""stage3_raw"":0,""step"":9},{""champion_normalized"":0.8333333333333334,""champion_raw"":1,""normalized_difference"":""-1/6"",""stage3_normalized"":1.0,""stage3_raw"":0,""step"":10},{""champion_normalized"":0.8333333333333334,""champion_raw"":1,""normalized_difference"":""-1/6"",""stage3_normalized"":1.0,""stage3_raw"":0,""step"":11},{""champion_normalized"":0.8333333333333334,""champion_raw"":1,""normalized_difference"":""-1/6"",""stage3_normalized"":1.0,""stage3_raw"":0,""step"":12},{""champion_normalized"":0.8333333333333334,""champion_raw"":1,""normalized_difference"":""-1/6"",""stage3_normalized"":1.0,""stage3_raw"":0,""step"":13},{""champion_normalized"":0.8333333333333334,""champion_raw"":1,""normalized_difference"":""-1/6"",""stage3_normalized"":1.0,""stage3_raw"":0,""step"":14},{""champion_normalized"":0.8333333333333334,""champion_raw"":1,""normalized_difference"":""-1/6"",""stage3_normalized"":1.0,""stage3_raw"":0,""step"":15},{""champion_normalized"":0.8333333333333334,""champion_raw"":1,""normalized_difference"":""-1/6"",""stage3_normalized"":1.0,""stage3_raw"":0,""step"":16},{""champion_normalized"":0.8333333333333334,""champion_raw"":1,""normalized_difference"":""-1/6"",""stage3_normalized"":1.0,""stage3_raw"":0,""step"":17},{""champion_normalized"":0.8333333333333334,""champion_raw"":1,""normalized_difference"":""-1/6"",""stage3_normalized"":1.0,""stage3_raw"":0,""step"":18},{""champion_normalized"":0.8333333333333334,""champion_raw"":1,""normalized_difference"":""-1/6"",""stage3_normalized"":1.0,""stage3_raw"":0,""step"":19}]",00ca480953a7bf6f7714d33c6501291223ff36eb16c8d6f4f6db411cb7d0dd00,program-d5ad1c8203e0d9f25f03aabd,e444562c1b308e3b23cb732be5f769ea1923ac1809501cea8571318c4aff0a7b,2243214df58c805e9a9343dc31ed082279e1c2ac31b21243bf889dbc9a19e165,a5f540459695bbf7d454eeccbb8e48158d6130df6a769b67d1447de18276dc01,cef05bb644e2e0a9acbc4972fbaa6d4ba3e033ee8a73ecd756da44100c767f5c
o12-g0452-p4502,12,452,4502,32,1.0,1.0,0.0,1,1,0,0,0,1,1,23,23,0,0,,0,0,6,[],4369ebb0000dcae4a8df6993d4162718a4951bea940aa6df15888ce1d857f050,program-d5ad1c8203e0d9f25f03aabd,e444562c1b308e3b23cb732be5f769ea1923ac1809501cea8571318c4aff0a7b,2243214df58c805e9a9343dc31ed082279e1c2ac31b21243bf889dbc9a19e165,a5f540459695bbf7d454eeccbb8e48158d6130df6a769b67d1447de18276dc01,cef05bb644e2e0a9acbc4972fbaa6d4ba3e033ee8a73ecd756da44100c767f5c
o12-g0452-p4503,12,452,4503,32,0.9166666666666666,0.8854166666666666,0.03125,11/12,85/96,1/32,0,0,3,3,28,26,0,0,5,1,3,6,"[{""champion_normalized"":0.8333333333333334,""champion_raw"":1,""normalized_difference"":""1/3"",""stage3_normalized"":0.5,""stage3_raw"":3,""step"":5},{""champion_normalized"":1.0,""champion_raw"":0,""normalized_difference"":""1/2"",""stage3_normalized"":0.5,""stage3_raw"":3,""step"":6},{""champion_normalized"":1.0,""champion_raw"":0,""normalized_difference"":""1/6"",""stage3_normalized"":0.8333333333333334,""stage3_raw"":1,""step"":7}]",03d99f48203d41f6110c88763a0c6d323f03e99124112ca9c8ecb0f7c78c2362,program-d5ad1c8203e0d9f25f03aabd,e444562c1b308e3b23cb732be5f769ea1923ac1809501cea8571318c4aff0a7b,2243214df58c805e9a9343dc31ed082279e1c2ac31b21243bf889dbc9a19e165,a5f540459695bbf7d454eeccbb8e48158d6130df6a769b67d1447de18276dc01,cef05bb644e2e0a9acbc4972fbaa6d4ba3e033ee8a73ecd756da44100c767f5c
o12-g0452-p4504,12,452,4504,32,0.9583333333333334,0.9791666666666666,-0.020833333333333332,23/24,47/48,-1/48,0,0,3,3,40,15,0,0,0,-2/3,3,6,"[{""champion_normalized"":0.5,""champion_raw"":3,""normalized_difference"":""-1/6"",""stage3_normalized"":0.6666666666666666,""stage3_raw"":2,""step"":0},{""champion_normalized"":0.5,""champion_raw"":3,""normalized_difference"":""-1/3"",""stage3_normalized"":0.8333333333333334,""stage3_raw"":1,""step"":1},{""champion_normalized"":0.6666666666666666,""champion_raw"":2,""normalized_difference"":""-1/6"",""stage3_normalized"":0.8333333333333334,""stage3_raw"":1,""step"":2}]",b1c8237c7c58f0bdaec3c9f03878f5f7961e2aa431cb757eb20e6068b70ce959,program-d5ad1c8203e0d9f25f03aabd,e444562c1b308e3b23cb732be5f769ea1923ac1809501cea8571318c4aff0a7b,2243214df58c805e9a9343dc31ed082279e1c2ac31b21243bf889dbc9a19e165,a5f540459695bbf7d454eeccbb8e48158d6130df6a769b67d1447de18276dc01,cef05bb644e2e0a9acbc4972fbaa6d4ba3e033ee8a73ecd756da44100c767f5c
o12-g0452-p4505,12,452,4505,32,0.984375,0.9427083333333334,0.041666666666666664,63/64,181/192,1/24,0,0,2,4,63,28,0,0,0,4/3,7,6,"[{""champion_normalized"":0.5,""champion_raw"":3,""normalized_difference"":""1/6"",""stage3_normalized"":0.3333333333333333,""stage3_raw"":4,""step"":0},{""champion_normalized"":1.0,""champion_raw"":0,""normalized_difference"":""1/3"",""stage3_normalized"":0.6666666666666666,""stage3_raw"":2,""step"":1},{""champion_normalized"":1.0,""champion_raw"":0,""normalized_difference"":""1/6"",""stage3_normalized"":0.8333333333333334,""stage3_raw"":1,""step"":2},{""champion_normalized"":1.0,""champion_raw"":0,""normalized_difference"":""1/6"",""stage3_normalized"":0.8333333333333334,""stage3_raw"":1,""step"":3},{""champion_normalized"":1.0,""champion_raw"":0,""normalized_difference"":""1/6"",""stage3_normalized"":0.8333333333333334,""stage3_raw"":1,""step"":4},{""champion_normalized"":1.0,""champion_raw"":0,""normalized_difference"":""1/6"",""stage3_normalized"":0.8333333333333334,""stage3_raw"":1,""step"":5},{""champion_normalized"":1.0,""champion_raw"":0,""normalized_difference"":""1/6"",""stage3_normalized"":0.8333333333333334,""stage3_raw"":1,""step"":6}]",c04f971fb5e2535326da72361e3ccb1a284d80693297e9ff8d4a4cc0114acd94,program-d5ad1c8203e0d9f25f03aabd,e444562c1b308e3b23cb732be5f769ea1923ac1809501cea8571318c4aff0a7b,2243214df58c805e9a9343dc31ed082279e1c2ac31b21243bf889dbc9a19e165,a5f540459695bbf7d454eeccbb8e48158d6130df6a769b67d1447de18276dc01,cef05bb644e2e0a9acbc4972fbaa6d4ba3e033ee8a73ecd756da44100c767f5c
o12-g0452-p4506,12,452,4506,32,0.921875,0.9010416666666666,0.020833333333333332,59/64,173/192,1/48,0,0,4,4,47,18,0,1,0,2/3,7,6,"[{""champion_normalized"":0.3333333333333333,""champion_raw"":4,""normalized_difference"":""1/3"",""stage3_normalized"":0.0,""stage3_raw"":6,""step"":0},{""champion_normalized"":0.6666666666666666,""champion_raw"":2,""normalized_difference"":""1/6"",""stage3_normalized"":0.5,""stage3_raw"":3,""step"":1},{""champion_normalized"":0.6666666666666666,""champion_raw"":2,""normalized_difference"":""1/6"",""stage3_normalized"":0.5,""stage3_raw"":3,""step"":2},{""champion_normalized"":0.8333333333333334,""champion_raw"":1,""normalized_difference"":""1/6"",""stage3_normalized"":0.6666666666666666,""stage3_raw"":2,""step"":3},{""champion_normalized"":0.8333333333333334,""champion_raw"":1,""normalized_difference"":""1/6"",""stage3_normalized"":0.6666666666666666,""stage3_raw"":2,""step"":4},{""champion_normalized"":0.8333333333333334,""champion_raw"":1,""normalized_difference"":""-1/6"",""stage3_normalized"":1.0,""stage3_raw"":0,""step"":8},{""champion_normalized"":0.8333333333333334,""champion_raw"":1,""normalized_difference"":""-1/6"",""stage3_normalized"":1.0,""stage3_raw"":0,""step"":9}]",d84341ebf0a25dae8ca34b1cadeae9985b9969f372c31373eed2636095f25f04,program-d5ad1c8203e0d9f25f03aabd,e444562c1b308e3b23cb732be5f769ea1923ac1809501cea8571318c4aff0a7b,2243214df58c805e9a9343dc31ed082279e1c2ac31b21243bf889dbc9a19e165,a5f540459695bbf7d454eeccbb8e48158d6130df6a769b67d1447de18276dc01,cef05bb644e2e0a9acbc4972fbaa6d4ba3e033ee8a73ecd756da44100c767f5c
o12-g0452-p4507,12,452,4507,32,0.9791666666666666,0.9739583333333334,0.005208333333333333,47/48,187/192,1/192,0,0,3,3,16,25,0,0,2,1/6,1,6,"[{""champion_normalized"":1.0,""champion_raw"":0,""normalized_difference"":""1/6"",""stage3_normalized"":0.8333333333333334,""stage3_raw"":1,""step"":2}]",c19792be02bd9ea9adf7837d17c52ac606687b6cfb475ca785c375d0ba8e0dc9,program-d5ad1c8203e0d9f25f03aabd,e444562c1b308e3b23cb732be5f769ea1923ac1809501cea8571318c4aff0a7b,2243214df58c805e9a9343dc31ed082279e1c2ac31b21243bf889dbc9a19e165,a5f540459695bbf7d454eeccbb8e48158d6130df6a769b67d1447de18276dc01,cef05bb644e2e0a9acbc4972fbaa6d4ba3e033ee8a73ecd756da44100c767f5c
o12-g0452-p4508,12,452,4508,32,0.96875,0.9791666666666666,-0.010416666666666666,31/32,47/48,-1/96,0,0,3,2,23,45,0,0,0,-1/3,4,6,"[{""champion_normalized"":0.5,""champion_raw"":3,""normalized_difference"":""-1/6"",""stage3_normalized"":0.6666666666666666,""stage3_raw"":2,""step"":0},{""champion_normalized"":0.8333333333333334,""champion_raw"":1,""normalized_difference"":""1/6"",""stage3_normalized"":0.6666666666666666,""stage3_raw"":2,""step"":1},{""champion_normalized"":0.8333333333333334,""champion_raw"":1,""normalized_difference"":""-1/6"",""stage3_normalized"":1.0,""stage3_raw"":0,""step"":2},{""champion_normalized"":0.8333333333333334,""champion_raw"":1,""normalized_difference"":""-1/6"",""stage3_normalized"":1.0,""stage3_raw"":0,""step"":3}]",d4b971040d253c0603b7d9d5b3b8aab922596fc0c57e2b34de42a15677cea1a9,program-d5ad1c8203e0d9f25f03aabd,e444562c1b308e3b23cb732be5f769ea1923ac1809501cea8571318c4aff0a7b,2243214df58c805e9a9343dc31ed082279e1c2ac31b21243bf889dbc9a19e165,a5f540459695bbf7d454eeccbb8e48158d6130df6a769b67d1447de18276dc01,cef05bb644e2e0a9acbc4972fbaa6d4ba3e033ee8a73ecd756da44100c767f5c
o12-g0452-p4509,12,452,4509,32,0.8177083333333334,0.9583333333333334,-0.140625,157/192,23/24,-9/64,1,0,2,3,24,40,0,0,0,-9/2,32,6,"[{""champion_normalized"":0.3333333333333333,""champion_raw"":4,""normalized_difference"":""-1/6"",""stage3_normalized"":0.5,""stage3_raw"":3,""step"":0},{""champion_normalized"":0.8333333333333334,""champion_raw"":1,""normalized_difference"":""1/3"",""stage3_normalized"":0.5,""stage3_raw"":3,""step"":1},{""champion_normalized"":0.8333333333333334,""champion_raw"":1,""normalized_difference"":""1/6"",""stage3_normalized"":0.6666666666666666,""stage3_raw"":2,""step"":2},{""champion_normalized"":0.8333333333333334,""champion_raw"":1,""normalized_difference"":""-1/6"",""stage3_normalized"":1.0,""stage3_raw"":0,""step"":3},{""champion_normalized"":0.8333333333333334,""champion_raw"":1,""normalized_difference"":""-1/6"",""stage3_normalized"":1.0,""stage3_raw"":0,""step"":4},{""champion_normalized"":0.8333333333333334,""champion_raw"":1,""normalized_difference"":""-1/6"",""stage3_normalized"":1.0,""stage3_raw"":0,""step"":5},{""champion_normalized"":0.8333333333333334,""champion_raw"":1,""normalized_difference"":""-1/6"",""stage3_normalized"":1.0,""stage3_raw"":0,""step"":6},{""champion_normalized"":0.8333333333333334,""champion_raw"":1,""normalized_difference"":""-1/6"",""stage3_normalized"":1.0,""stage3_raw"":0,""step"":7},{""champion_normalized"":0.8333333333333334,""champion_raw"":1,""normalized_difference"":""-1/6"",""stage3_normalized"":1.0,""stage3_raw"":0,""step"":8},{""champion_normalized"":0.8333333333333334,""champion_raw"":1,""normalized_difference"":""-1/6"",""stage3_normalized"":1.0,""stage3_raw"":0,""step"":9},{""champion_normalized"":0.8333333333333334,""champion_raw"":1,""normalized_difference"":""-1/6"",""stage3_normalized"":1.0,""stage3_raw"":0,""step"":10},{""champion_normalized"":0.8333333333333334,""champion_raw"":1,""normalized_difference"":""-1/6"",""stage3_normalized"":1.0,""stage3_raw"":0,""step"":11},{""champion_normalized"":0.8333333333333334,""champion_raw"":1,""normalized_difference"":""-1/6"",""stage3_normalized"":1.0,""stage3_raw"":0,""step"":12},{""champion_normalized"":0.8333333333333334,""champion_raw"":1,""normalized_difference"":""-1/6"",""stage3_normalized"":1.0,""stage3_raw"":0,""step"":13},{""champion_normalized"":0.8333333333333334,""champion_raw"":1,""normalized_difference"":""-1/6"",""stage3_normalized"":1.0,""stage3_raw"":0,""step"":14},{""champion_normalized"":0.8333333333333334,""champion_raw"":1,""normalized_difference"":""-1/6"",""stage3_normalized"":1.0,""stage3_raw"":0,""step"":15},{""champion_normalized"":0.8333333333333334,""champion_raw"":1,""normalized_difference"":""-1/6"",""stage3_normalized"":1.0,""stage3_raw"":0,""step"":16},{""champion_normalized"":0.8333333333333334,""champion_raw"":1,""normalized_difference"":""-1/6"",""stage3_normalized"":1.0,""stage3_raw"":0,""step"":17},{""champion_normalized"":0.8333333333333334,""champion_raw"":1,""normalized_difference"":""-1/6"",""stage3_normalized"":1.0,""stage3_raw"":0,""step"":18},{""champion_normalized"":0.8333333333333334,""champion_raw"":1,""normalized_difference"":""-1/6"",""stage3_normalized"":1.0,""stage3_raw"":0,""step"":19},{""champion_normalized"":0.8333333333333334,""champion_raw"":1,""normalized_difference"":""-1/6"",""stage3_normalized"":1.0,""stage3_raw"":0,""step"":20},{""champion_normalized"":0.8333333333333334,""champion_raw"":1,""normalized_difference"":""-1/6"",""stage3_normalized"":1.0,""stage3_raw"":0,""step"":21},{""champion_normalized"":0.8333333333333334,""champion_raw"":1,""normalized_difference"":""-1/6"",""stage3_normalized"":1.0,""stage3_raw"":0,""step"":22},{""champion_normalized"":0.8333333333333334,""champion_raw"":1,""normalized_difference"":""-1/6"",""stage3_normalized"":1.0,""stage3_raw"":0,""step"":23},{""champion_normalized"":0.8333333333333334,""champion_raw"":1,""normalized_difference"":""-1/6"",""stage3_normalized"":1.0,""stage3_raw"":0,""step"":24},{""champion_normalized"":0.8333333333333334,""champion_raw"":1,""normalized_difference"":""-1/6"",""stage3_normalized"":1.0,""stage3_raw"":0,""step"":25},{""champion_normalized"":0.8333333333333334,""champion_raw"":1,""normalized_difference"":""-1/6"",""stage3_normalized"":1.0,""stage3_raw"":0,""step"":26},{""champion_normalized"":0.8333333333333334,""champion_raw"":1,""normalized_difference"":""-1/6"",""stage3_normalized"":1.0,""stage3_raw"":0,""step"":27},{""champion_normalized"":0.8333333333333334,""champion_raw"":1,""normalized_difference"":""-1/6"",""stage3_normalized"":1.0,""stage3_raw"":0,""step"":28},{""champion_normalized"":0.8333333333333334,""champion_raw"":1,""normalized_difference"":""-1/6"",""stage3_normalized"":1.0,""stage3_raw"":0,""step"":29},{""champion_normalized"":0.8333333333333334,""champion_raw"":1,""normalized_difference"":""-1/6"",""stage3_normalized"":1.0,""stage3_raw"":0,""step"":30},{""champion_normalized"":0.8333333333333334,""champion_raw"":1,""normalized_difference"":""-1/6"",""stage3_normalized"":1.0,""stage3_raw"":0,""step"":31}]",45fad519a4491c96b5ff9653ad34a30b843850e0f82585ae479cf272c47aed1b,program-d5ad1c8203e0d9f25f03aabd,e444562c1b308e3b23cb732be5f769ea1923ac1809501cea8571318c4aff0a7b,2243214df58c805e9a9343dc31ed082279e1c2ac31b21243bf889dbc9a19e165,a5f540459695bbf7d454eeccbb8e48158d6130df6a769b67d1447de18276dc01,cef05bb644e2e0a9acbc4972fbaa6d4ba3e033ee8a73ecd756da44100c767f5c
o12-g0452-p4510,12,452,4510,32,0.9583333333333334,0.8958333333333334,0.0625,23/24,43/48,1/16,0,0,4,4,26,23,0,0,3,2,12,6,"[{""champion_normalized"":0.8333333333333334,""champion_raw"":1,""normalized_difference"":""1/6"",""stage3_normalized"":0.6666666666666666,""stage3_raw"":2,""step"":3},{""champion_normalized"":1.0,""champion_raw"":0,""normalized_difference"":""1/6"",""stage3_normalized"":0.8333333333333334,""stage3_raw"":1,""step"":4},{""champion_normalized"":1.0,""champion_raw"":0,""normalized_difference"":""1/6"",""stage3_normalized"":0.8333333333333334,""stage3_raw"":1,""step"":5},{""champion_normalized"":1.0,""champion_raw"":0,""normalized_difference"":""1/6"",""stage3_normalized"":0.8333333333333334,""stage3_raw"":1,""step"":6},{""champion_normalized"":1.0,""champion_raw"":0,""normalized_difference"":""1/6"",""stage3_normalized"":0.8333333333333334,""stage3_raw"":1,""step"":7},{""champion_normalized"":1.0,""champion_raw"":0,""normalized_difference"":""1/6"",""stage3_normalized"":0.8333333333333334,""stage3_raw"":1,""step"":8},{""champion_normalized"":1.0,""champion_raw"":0,""normalized_difference"":""1/6"",""stage3_normalized"":0.8333333333333334,""stage3_raw"":1,""step"":9},{""champion_normalized"":1.0,""champion_raw"":0,""normalized_difference"":""1/6"",""stage3_normalized"":0.8333333333333334,""stage3_raw"":1,""step"":10},{""champion_normalized"":1.0,""champion_raw"":0,""normalized_difference"":""1/6"",""stage3_normalized"":0.8333333333333334,""stage3_raw"":1,""step"":11},{""champion_normalized"":1.0,""champion_raw"":0,""normalized_difference"":""1/6"",""stage3_normalized"":0.8333333333333334,""stage3_raw"":1,""step"":12},{""champion_normalized"":1.0,""champion_raw"":0,""normalized_difference"":""1/6"",""stage3_normalized"":0.8333333333333334,""stage3_raw"":1,""step"":13},{""champion_normalized"":1.0,""champion_raw"":0,""normalized_difference"":""1/6"",""stage3_normalized"":0.8333333333333334,""stage3_raw"":1,""step"":14}]",eb80f09e925a8d9ae8e754d41bf8bf24a4e25897dde68fb37670cac032cdf079,program-d5ad1c8203e0d9f25f03aabd,e444562c1b308e3b23cb732be5f769ea1923ac1809501cea8571318c4aff0a7b,2243214df58c805e9a9343dc31ed082279e1c2ac31b21243bf889dbc9a19e165,a5f540459695bbf7d454eeccbb8e48158d6130df6a769b67d1447de18276dc01,cef05bb644e2e0a9acbc4972fbaa6d4ba3e033ee8a73ecd756da44100c767f5c
o12-g0452-p4511,12,452,4511,32,0.9322916666666666,0.9583333333333334,-0.026041666666666668,179/192,23/24,-5/192,0,0,4,2,39,28,0,1,0,-5/6,9,6,"[{""champion_normalized"":0.5,""champion_raw"":3,""normalized_difference"":""1/2"",""stage3_normalized"":0.0,""stage3_raw"":6,""step"":0},{""champion_normalized"":0.8333333333333334,""champion_raw"":1,""normalized_difference"":""-1/6"",""stage3_normalized"":1.0,""stage3_raw"":0,""step"":2},{""champion_normalized"":0.8333333333333334,""champion_raw"":1,""normalized_difference"":""-1/6"",""stage3_normalized"":1.0,""stage3_raw"":0,""step"":3},{""champion_normalized"":0.8333333333333334,""champion_raw"":1,""normalized_difference"":""-1/6"",""stage3_normalized"":1.0,""stage3_raw"":0,""step"":4},{""champion_normalized"":0.8333333333333334,""champion_raw"":1,""normalized_difference"":""-1/6"",""stage3_normalized"":1.0,""stage3_raw"":0,""step"":5},{""champion_normalized"":0.8333333333333334,""champion_raw"":1,""normalized_difference"":""-1/6"",""stage3_normalized"":1.0,""stage3_raw"":0,""step"":6},{""champion_normalized"":0.8333333333333334,""champion_raw"":1,""normalized_difference"":""-1/6"",""stage3_normalized"":1.0,""stage3_raw"":0,""step"":7},{""champion_normalized"":0.8333333333333334,""champion_raw"":1,""normalized_difference"":""-1/6"",""stage3_normalized"":1.0,""stage3_raw"":0,""step"":8},{""champion_normalized"":0.8333333333333334,""champion_raw"":1,""normalized_difference"":""-1/6"",""stage3_normalized"":1.0,""stage3_raw"":0,""step"":9}]",946a10e760956941f9ff485c9e4e2b6fa6e3a888037cef5f90db182379597f45,program-d5ad1c8203e0d9f25f03aabd,e444562c1b308e3b23cb732be5f769ea1923ac1809501cea8571318c4aff0a7b,2243214df58c805e9a9343dc31ed082279e1c2ac31b21243bf889dbc9a19e165,a5f540459695bbf7d454eeccbb8e48158d6130df6a769b67d1447de18276dc01,cef05bb644e2e0a9acbc4972fbaa6d4ba3e033ee8a73ecd756da44100c767f5c
o12-g0452-p4512,12,452,4512,32,0.9583333333333334,0.9375,0.020833333333333332,23/24,15/16,1/48,0,0,3,4,49,26,0,0,1,2/3,4,6,"[{""champion_normalized"":0.8333333333333334,""champion_raw"":1,""normalized_difference"":""1/6"",""stage3_normalized"":0.6666666666666666,""stage3_raw"":2,""step"":1},{""champion_normalized"":0.8333333333333334,""champion_raw"":1,""normalized_difference"":""1/6"",""stage3_normalized"":0.6666666666666666,""stage3_raw"":2,""step"":2},{""champion_normalized"":0.8333333333333334,""champion_raw"":1,""normalized_difference"":""1/6"",""stage3_normalized"":0.6666666666666666,""stage3_raw"":2,""step"":3},{""champion_normalized"":0.8333333333333334,""champion_raw"":1,""normalized_difference"":""1/6"",""stage3_normalized"":0.6666666666666666,""stage3_raw"":2,""step"":4}]",8c654a1ba08391c9d28d8548bda860307337c646011bdc6a6694ee64b461b599,program-d5ad1c8203e0d9f25f03aabd,e444562c1b308e3b23cb732be5f769ea1923ac1809501cea8571318c4aff0a7b,2243214df58c805e9a9343dc31ed082279e1c2ac31b21243bf889dbc9a19e165,a5f540459695bbf7d454eeccbb8e48158d6130df6a769b67d1447de18276dc01,cef05bb644e2e0a9acbc4972fbaa6d4ba3e033ee8a73ecd756da44100c767f5c
o12-g0452-p4513,12,452,4513,32,0.9479166666666666,0.8177083333333334,0.13020833333333334,91/96,157/192,25/192,0,0,4,4,24,34,0,0,5,25/6,25,6,"[{""champion_normalized"":1.0,""champion_raw"":0,""normalized_difference"":""1/6"",""stage3_normalized"":0.8333333333333334,""stage3_raw"":1,""step"":5},{""champion_normalized"":1.0,""champion_raw"":0,""normalized_difference"":""1/6"",""stage3_normalized"":0.8333333333333334,""stage3_raw"":1,""step"":6},{""champion_normalized"":1.0,""champion_raw"":0,""normalized_difference"":""1/6"",""stage3_normalized"":0.8333333333333334,""stage3_raw"":1,""step"":7},{""champion_normalized"":1.0,""champion_raw"":0,""normalized_difference"":""1/6"",""stage3_normalized"":0.8333333333333334,""stage3_raw"":1,""step"":8},{""champion_normalized"":1.0,""champion_raw"":0,""normalized_difference"":""1/6"",""stage3_normalized"":0.8333333333333334,""stage3_raw"":1,""step"":9},{""champion_normalized"":1.0,""champion_raw"":0,""normalized_difference"":""1/6"",""stage3_normalized"":0.8333333333333334,""stage3_raw"":1,""step"":10},{""champion_normalized"":1.0,""champion_raw"":0,""normalized_difference"":""1/6"",""stage3_normalized"":0.8333333333333334,""stage3_raw"":1,""step"":11},{""champion_normalized"":1.0,""champion_raw"":0,""normalized_difference"":""1/6"",""stage3_normalized"":0.8333333333333334,""stage3_raw"":1,""step"":12},{""champion_normalized"":1.0,""champion_raw"":0,""normalized_difference"":""1/6"",""stage3_normalized"":0.8333333333333334,""stage3_raw"":1,""step"":13},{""champion_normalized"":1.0,""champion_raw"":0,""normalized_difference"":""1/6"",""stage3_normalized"":0.8333333333333334,""stage3_raw"":1,""step"":14},{""champion_normalized"":1.0,""champion_raw"":0,""normalized_difference"":""1/6"",""stage3_normalized"":0.8333333333333334,""stage3_raw"":1,""step"":15},{""champion_normalized"":1.0,""champion_raw"":0,""normalized_difference"":""1/6"",""stage3_normalized"":0.8333333333333334,""stage3_raw"":1,""step"":16},{""champion_normalized"":1.0,""champion_raw"":0,""normalized_difference"":""1/6"",""stage3_normalized"":0.8333333333333334,""stage3_raw"":1,""step"":17},{""champion_normalized"":1.0,""champion_raw"":0,""normalized_difference"":""1/6"",""stage3_normalized"":0.8333333333333334,""stage3_raw"":1,""step"":18},{""champion_normalized"":1.0,""champion_raw"":0,""normalized_difference"":""1/6"",""stage3_normalized"":0.8333333333333334,""stage3_raw"":1,""step"":19},{""champion_normalized"":1.0,""champion_raw"":0,""normalized_difference"":""1/6"",""stage3_normalized"":0.8333333333333334,""stage3_raw"":1,""step"":20},{""champion_normalized"":1.0,""champion_raw"":0,""normalized_difference"":""1/6"",""stage3_normalized"":0.8333333333333334,""stage3_raw"":1,""step"":21},{""champion_normalized"":1.0,""champion_raw"":0,""normalized_difference"":""1/6"",""stage3_normalized"":0.8333333333333334,""stage3_raw"":1,""step"":22},{""champion_normalized"":1.0,""champion_raw"":0,""normalized_difference"":""1/6"",""stage3_normalized"":0.8333333333333334,""stage3_raw"":1,""step"":23},{""champion_normalized"":1.0,""champion_raw"":0,""normalized_difference"":""1/6"",""stage3_normalized"":0.8333333333333334,""stage3_raw"":1,""step"":24},{""champion_normalized"":1.0,""champion_raw"":0,""normalized_difference"":""1/6"",""stage3_normalized"":0.8333333333333334,""stage3_raw"":1,""step"":25},{""champion_normalized"":1.0,""champion_raw"":0,""normalized_difference"":""1/6"",""stage3_normalized"":0.8333333333333334,""stage3_raw"":1,""step"":26},{""champion_normalized"":1.0,""champion_raw"":0,""normalized_difference"":""1/6"",""stage3_normalized"":0.8333333333333334,""stage3_raw"":1,""step"":27},{""champion_normalized"":1.0,""champion_raw"":0,""normalized_difference"":""1/6"",""stage3_normalized"":0.8333333333333334,""stage3_raw"":1,""step"":28},{""champion_normalized"":1.0,""champion_raw"":0,""normalized_difference"":""1/6"",""stage3_normalized"":0.8333333333333334,""stage3_raw"":1,""step"":29}]",e7164a7922bbe5937a647f9dfd3c1811cecac7ff712cbbe77927940f896c843e,program-d5ad1c8203e0d9f25f03aabd,e444562c1b308e3b23cb732be5f769ea1923ac1809501cea8571318c4aff0a7b,2243214df58c805e9a9343dc31ed082279e1c2ac31b21243bf889dbc9a19e165,a5f540459695bbf7d454eeccbb8e48158d6130df6a769b67d1447de18276dc01,cef05bb644e2e0a9acbc4972fbaa6d4ba3e033ee8a73ecd756da44100c767f5c
o12-g0452-p4514,12,452,4514,32,0.9114583333333334,0.9583333333333334,-0.046875,175/192,23/24,-3/64,0,0,3,3,20,67,0,0,0,-3/2,12,6,"[{""champion_normalized"":0.6666666666666666,""champion_raw"":2,""normalized_difference"":""1/3"",""stage3_normalized"":0.3333333333333333,""stage3_raw"":4,""step"":0},{""champion_normalized"":0.8333333333333334,""champion_raw"":1,""normalized_difference"":""-1/6"",""stage3_normalized"":1.0,""stage3_raw"":0,""step"":5},{""champion_normalized"":0.8333333333333334,""champion_raw"":1,""normalized_difference"":""-1/6"",""stage3_normalized"":1.0,""stage3_raw"":0,""step"":6},{""champion_normalized"":0.8333333333333334,""champion_raw"":1,""normalized_difference"":""-1/6"",""stage3_normalized"":1.0,""stage3_raw"":0,""step"":7},{""champion_normalized"":0.8333333333333334,""champion_raw"":1,""normalized_difference"":""-1/6"",""stage3_normalized"":1.0,""stage3_raw"":0,""step"":8},{""champion_normalized"":0.8333333333333334,""champion_raw"":1,""normalized_difference"":""-1/6"",""stage3_normalized"":1.0,""stage3_raw"":0,""step"":9},{""champion_normalized"":0.8333333333333334,""champion_raw"":1,""normalized_difference"":""-1/6"",""stage3_normalized"":1.0,""stage3_raw"":0,""step"":10},{""champion_normalized"":0.8333333333333334,""champion_raw"":1,""normalized_difference"":""-1/6"",""stage3_normalized"":1.0,""stage3_raw"":0,""step"":11},{""champion_normalized"":0.8333333333333334,""champion_raw"":1,""normalized_difference"":""-1/6"",""stage3_normalized"":1.0,""stage3_raw"":0,""step"":12},{""champion_normalized"":0.8333333333333334,""champion_raw"":1,""normalized_difference"":""-1/6"",""stage3_normalized"":1.0,""stage3_raw"":0,""step"":13},{""champion_normalized"":0.8333333333333334,""champion_raw"":1,""normalized_difference"":""-1/6"",""stage3_normalized"":1.0,""stage3_raw"":0,""step"":14},{""champion_normalized"":0.8333333333333334,""champion_raw"":1,""normalized_difference"":""-1/6"",""stage3_normalized"":1.0,""stage3_raw"":0,""step"":15}]",ed3aa1e71f6b91910ab418bdfa5884a317cdd458d7d857ade8542b06339a2865,program-d5ad1c8203e0d9f25f03aabd,e444562c1b308e3b23cb732be5f769ea1923ac1809501cea8571318c4aff0a7b,2243214df58c805e9a9343dc31ed082279e1c2ac31b21243bf889dbc9a19e165,a5f540459695bbf7d454eeccbb8e48158d6130df6a769b67d1447de18276dc01,cef05bb644e2e0a9acbc4972fbaa6d4ba3e033ee8a73ecd756da44100c767f5c
o12-g0452-p4515,12,452,4515,32,0.859375,0.7708333333333334,0.08854166666666667,55/64,37/48,17/192,0,1,3,2,27,42,1,1,7,17/6,17,6,"[{""champion_normalized"":0.8333333333333334,""champion_raw"":1,""normalized_difference"":""1/6"",""stage3_normalized"":0.6666666666666666,""stage3_raw"":2,""step"":7},{""champion_normalized"":1.0,""champion_raw"":0,""normalized_difference"":""1/6"",""stage3_normalized"":0.8333333333333334,""stage3_raw"":1,""step"":16},{""champion_normalized"":1.0,""champion_raw"":0,""normalized_difference"":""1/6"",""stage3_normalized"":0.8333333333333334,""stage3_raw"":1,""step"":17},{""champion_normalized"":1.0,""champion_raw"":0,""normalized_difference"":""1/6"",""stage3_normalized"":0.8333333333333334,""stage3_raw"":1,""step"":18},{""champion_normalized"":1.0,""champion_raw"":0,""normalized_difference"":""1/6"",""stage3_normalized"":0.8333333333333334,""stage3_raw"":1,""step"":19},{""champion_normalized"":1.0,""champion_raw"":0,""normalized_difference"":""1/6"",""stage3_normalized"":0.8333333333333334,""stage3_raw"":1,""step"":20},{""champion_normalized"":1.0,""champion_raw"":0,""normalized_difference"":""1/6"",""stage3_normalized"":0.8333333333333334,""stage3_raw"":1,""step"":21},{""champion_normalized"":1.0,""champion_raw"":0,""normalized_difference"":""1/6"",""stage3_normalized"":0.8333333333333334,""stage3_raw"":1,""step"":22},{""champion_normalized"":1.0,""champion_raw"":0,""normalized_difference"":""1/6"",""stage3_normalized"":0.8333333333333334,""stage3_raw"":1,""step"":23},{""champion_normalized"":1.0,""champion_raw"":0,""normalized_difference"":""1/6"",""stage3_normalized"":0.8333333333333334,""stage3_raw"":1,""step"":24},{""champion_normalized"":1.0,""champion_raw"":0,""normalized_difference"":""1/6"",""stage3_normalized"":0.8333333333333334,""stage3_raw"":1,""step"":25},{""champion_normalized"":1.0,""champion_raw"":0,""normalized_difference"":""1/6"",""stage3_normalized"":0.8333333333333334,""stage3_raw"":1,""step"":26},{""champion_normalized"":1.0,""champion_raw"":0,""normalized_difference"":""1/6"",""stage3_normalized"":0.8333333333333334,""stage3_raw"":1,""step"":27},{""champion_normalized"":1.0,""champion_raw"":0,""normalized_difference"":""1/6"",""stage3_normalized"":0.8333333333333334,""stage3_raw"":1,""step"":28},{""champion_normalized"":1.0,""champion_raw"":0,""normalized_difference"":""1/6"",""stage3_normalized"":0.8333333333333334,""stage3_raw"":1,""step"":29},{""champion_normalized"":1.0,""champion_raw"":0,""normalized_difference"":""1/6"",""stage3_normalized"":0.8333333333333334,""stage3_raw"":1,""step"":30},{""champion_normalized"":1.0,""champion_raw"":0,""normalized_difference"":""1/6"",""stage3_normalized"":0.8333333333333334,""stage3_raw"":1,""step"":31}]",aa848f295bbdc7330ebe6678407bd8abf657b16126e5d5acebb67abc95b5d7ba,program-d5ad1c8203e0d9f25f03aabd,e444562c1b308e3b23cb732be5f769ea1923ac1809501cea8571318c4aff0a7b,2243214df58c805e9a9343dc31ed082279e1c2ac31b21243bf889dbc9a19e165,a5f540459695bbf7d454eeccbb8e48158d6130df6a769b67d1447de18276dc01,cef05bb644e2e0a9acbc4972fbaa6d4ba3e033ee8a73ecd756da44100c767f5c
o12-g0452-p4516,12,452,4516,32,0.9479166666666666,0.9114583333333334,0.036458333333333336,91/96,175/192,7/192,0,0,3,3,16,21,0,0,7,7/6,7,6,"[{""champion_normalized"":1.0,""champion_raw"":0,""normalized_difference"":""1/6"",""stage3_normalized"":0.8333333333333334,""stage3_raw"":1,""step"":7},{""champion_normalized"":1.0,""champion_raw"":0,""normalized_difference"":""1/6"",""stage3_normalized"":0.8333333333333334,""stage3_raw"":1,""step"":8},{""champion_normalized"":1.0,""champion_raw"":0,""normalized_difference"":""1/6"",""stage3_normalized"":0.8333333333333334,""stage3_raw"":1,""step"":9},{""champion_normalized"":1.0,""champion_raw"":0,""normalized_difference"":""1/6"",""stage3_normalized"":0.8333333333333334,""stage3_raw"":1,""step"":10},{""champion_normalized"":1.0,""champion_raw"":0,""normalized_difference"":""1/6"",""stage3_normalized"":0.8333333333333334,""stage3_raw"":1,""step"":11},{""champion_normalized"":1.0,""champion_raw"":0,""normalized_difference"":""1/6"",""stage3_normalized"":0.8333333333333334,""stage3_raw"":1,""step"":12},{""champion_normalized"":1.0,""champion_raw"":0,""normalized_difference"":""1/6"",""stage3_normalized"":0.8333333333333334,""stage3_raw"":1,""step"":13}]",49c9d6569998edab24a862ab6273d70c689029d3dfec2ebfe1a1114e495f3517,program-d5ad1c8203e0d9f25f03aabd,e444562c1b308e3b23cb732be5f769ea1923ac1809501cea8571318c4aff0a7b,2243214df58c805e9a9343dc31ed082279e1c2ac31b21243bf889dbc9a19e165,a5f540459695bbf7d454eeccbb8e48158d6130df6a769b67d1447de18276dc01,cef05bb644e2e0a9acbc4972fbaa6d4ba3e033ee8a73ecd756da44100c767f5c
o12-g0453-p4501,12,453,4501,32,0.9114583333333334,0.9270833333333334,-0.015625,175/192,89/96,-1/64,0,0,4,5,30,36,0,0,0,-1/2,4,6,"[{""champion_normalized"":0.5,""champion_raw"":3,""normalized_difference"":""1/6"",""stage3_normalized"":0.3333333333333333,""stage3_raw"":4,""step"":0},{""champion_normalized"":0.5,""champion_raw"":3,""normalized_difference"":""-1/6"",""stage3_normalized"":0.6666666666666666,""stage3_raw"":2,""step"":2},{""champion_normalized"":0.5,""champion_raw"":3,""normalized_difference"":""-1/3"",""stage3_normalized"":0.8333333333333334,""stage3_raw"":1,""step"":3},{""champion_normalized"":0.6666666666666666,""champion_raw"":2,""normalized_difference"":""-1/6"",""stage3_normalized"":0.8333333333333334,""stage3_raw"":1,""step"":4}]",73b7ef733e384b4d89f04e05c3908574497b22b141ae418c53b547bcf0ec9266,program-d5ad1c8203e0d9f25f03aabd,e444562c1b308e3b23cb732be5f769ea1923ac1809501cea8571318c4aff0a7b,2243214df58c805e9a9343dc31ed082279e1c2ac31b21243bf889dbc9a19e165,a5f540459695bbf7d454eeccbb8e48158d6130df6a769b67d1447de18276dc01,cef05bb644e2e0a9acbc4972fbaa6d4ba3e033ee8a73ecd756da44100c767f5c
o12-g0453-p4502,12,453,4502,32,0.9114583333333334,0.9114583333333334,0.0,175/192,175/192,0,0,0,3,3,15,15,0,0,,0,0,6,[],d4942a9b900ba27c240063ca3e88d8c19f565c1ed9a54733a5531ec5ee8a1ef8,program-d5ad1c8203e0d9f25f03aabd,e444562c1b308e3b23cb732be5f769ea1923ac1809501cea8571318c4aff0a7b,2243214df58c805e9a9343dc31ed082279e1c2ac31b21243bf889dbc9a19e165,a5f540459695bbf7d454eeccbb8e48158d6130df6a769b67d1447de18276dc01,cef05bb644e2e0a9acbc4972fbaa6d4ba3e033ee8a73ecd756da44100c767f5c
o12-g0453-p4503,12,453,4503,32,0.9635416666666666,0.8177083333333334,0.14583333333333334,185/192,157/192,7/48,0,0,3,4,27,32,0,0,1,14/3,26,6,"[{""champion_normalized"":0.8333333333333334,""champion_raw"":1,""normalized_difference"":""1/2"",""stage3_normalized"":0.3333333333333333,""stage3_raw"":4,""step"":1},{""champion_normalized"":0.8333333333333334,""champion_raw"":1,""normalized_difference"":""1/6"",""stage3_normalized"":0.6666666666666666,""stage3_raw"":2,""step"":2},{""champion_normalized"":0.8333333333333334,""champion_raw"":1,""normalized_difference"":""1/6"",""stage3_normalized"":0.6666666666666666,""stage3_raw"":2,""step"":3},{""champion_normalized"":1.0,""champion_raw"":0,""normalized_difference"":""1/6"",""stage3_normalized"":0.8333333333333334,""stage3_raw"":1,""step"":4},{""champion_normalized"":1.0,""champion_raw"":0,""normalized_difference"":""1/6"",""stage3_normalized"":0.8333333333333334,""stage3_raw"":1,""step"":5},{""champion_normalized"":1.0,""champion_raw"":0,""normalized_difference"":""1/6"",""stage3_normalized"":0.8333333333333334,""stage3_raw"":1,""step"":6},{""champion_normalized"":1.0,""champion_raw"":0,""normalized_difference"":""1/6"",""stage3_normalized"":0.8333333333333334,""stage3_raw"":1,""step"":7},{""champion_normalized"":1.0,""champion_raw"":0,""normalized_difference"":""1/6"",""stage3_normalized"":0.8333333333333334,""stage3_raw"":1,""step"":8},{""champion_normalized"":1.0,""champion_raw"":0,""normalized_difference"":""1/6"",""stage3_normalized"":0.8333333333333334,""stage3_raw"":1,""step"":9},{""champion_normalized"":1.0,""champion_raw"":0,""normalized_difference"":""1/6"",""stage3_normalized"":0.8333333333333334,""stage3_raw"":1,""step"":10},{""champion_normalized"":1.0,""champion_raw"":0,""normalized_difference"":""1/6"",""stage3_normalized"":0.8333333333333334,""stage3_raw"":1,""step"":11},{""champion_normalized"":1.0,""champion_raw"":0,""normalized_difference"":""1/6"",""stage3_normalized"":0.8333333333333334,""stage3_raw"":1,""step"":12},{""champion_normalized"":1.0,""champion_raw"":0,""normalized_difference"":""1/6"",""stage3_normalized"":0.8333333333333334,""stage3_raw"":1,""step"":13},{""champion_normalized"":1.0,""champion_raw"":0,""normalized_difference"":""1/6"",""stage3_normalized"":0.8333333333333334,""stage3_raw"":1,""step"":14},{""champion_normalized"":1.0,""champion_raw"":0,""normalized_difference"":""1/6"",""stage3_normalized"":0.8333333333333334,""stage3_raw"":1,""step"":15},{""champion_normalized"":1.0,""champion_raw"":0,""normalized_difference"":""1/6"",""stage3_normalized"":0.8333333333333334,""stage3_raw"":1,""step"":16},{""champion_normalized"":1.0,""champion_raw"":0,""normalized_difference"":""1/6"",""stage3_normalized"":0.8333333333333334,""stage3_raw"":1,""step"":17},{""champion_normalized"":1.0,""champion_raw"":0,""normalized_difference"":""1/6"",""stage3_normalized"":0.8333333333333334,""stage3_raw"":1,""step"":18},{""champion_normalized"":1.0,""champion_raw"":0,""normalized_difference"":""1/6"",""stage3_normalized"":0.8333333333333334,""stage3_raw"":1,""step"":19},{""champion_normalized"":1.0,""champion_raw"":0,""normalized_difference"":""1/6"",""stage3_normalized"":0.8333333333333334,""stage3_raw"":1,""step"":20},{""champion_normalized"":1.0,""champion_raw"":0,""normalized_difference"":""1/6"",""stage3_normalized"":0.8333333333333334,""stage3_raw"":1,""step"":21},{""champion_normalized"":1.0,""champion_raw"":0,""normalized_difference"":""1/6"",""stage3_normalized"":0.8333333333333334,""stage3_raw"":1,""step"":22},{""champion_normalized"":1.0,""champion_raw"":0,""normalized_difference"":""1/6"",""stage3_normalized"":0.8333333333333334,""stage3_raw"":1,""step"":23},{""champion_normalized"":1.0,""champion_raw"":0,""normalized_difference"":""1/6"",""stage3_normalized"":0.8333333333333334,""stage3_raw"":1,""step"":24},{""champion_normalized"":1.0,""champion_raw"":0,""normalized_difference"":""1/6"",""stage3_normalized"":0.8333333333333334,""stage3_raw"":1,""step"":25},{""champion_normalized"":1.0,""champion_raw"":0,""normalized_difference"":""1/6"",""stage3_normalized"":0.8333333333333334,""stage3_raw"":1,""step"":26}]",46f70ad1d06f149e29b3f40434fa49db0c02beaa480cd602c540017305ea08f2,program-d5ad1c8203e0d9f25f03aabd,e444562c1b308e3b23cb732be5f769ea1923ac1809501cea8571318c4aff0a7b,2243214df58c805e9a9343dc31ed082279e1c2ac31b21243bf889dbc9a19e165,a5f540459695bbf7d454eeccbb8e48158d6130df6a769b67d1447de18276dc01,cef05bb644e2e0a9acbc4972fbaa6d4ba3e033ee8a73ecd756da44100c767f5c
o12-g0453-p4504,12,453,4504,32,0.9791666666666666,0.921875,0.057291666666666664,47/48,59/64,11/192,0,0,2,4,25,32,0,0,0,11/6,6,6,"[{""champion_normalized"":0.6666666666666666,""champion_raw"":2,""normalized_difference"":""1/3"",""stage3_normalized"":0.3333333333333333,""stage3_raw"":4,""step"":0},{""champion_normalized"":0.6666666666666666,""champion_raw"":2,""normalized_difference"":""1/6"",""stage3_normalized"":0.5,""stage3_raw"":3,""step"":1},{""champion_normalized"":1.0,""champion_raw"":0,""normalized_difference"":""1/3"",""stage3_normalized"":0.6666666666666666,""stage3_raw"":2,""step"":2},{""champion_normalized"":1.0,""champion_raw"":0,""normalized_difference"":""1/3"",""stage3_normalized"":0.6666666666666666,""stage3_raw"":2,""step"":3},{""champion_normalized"":1.0,""champion_raw"":0,""normalized_difference"":""1/3"",""stage3_normalized"":0.6666666666666666,""stage3_raw"":2,""step"":4},{""champion_normalized"":1.0,""champion_raw"":0,""normalized_difference"":""1/3"",""stage3_normalized"":0.6666666666666666,""stage3_raw"":2,""step"":5}]",bd87b338dbe1a52acca63e4a1996199f25e9e567fbcd53fb974b04a363c4a9e6,program-d5ad1c8203e0d9f25f03aabd,e444562c1b308e3b23cb732be5f769ea1923ac1809501cea8571318c4aff0a7b,2243214df58c805e9a9343dc31ed082279e1c2ac31b21243bf889dbc9a19e165,a5f540459695bbf7d454eeccbb8e48158d6130df6a769b67d1447de18276dc01,cef05bb644e2e0a9acbc4972fbaa6d4ba3e033ee8a73ecd756da44100c767f5c
o12-g0453-p4505,12,453,4505,32,0.9583333333333334,0.859375,0.09895833333333333,23/24,55/64,19/192,0,0,3,3,30,36,0,0,0,19/6,19,6,"[{""champion_normalized"":0.5,""champion_raw"":3,""normalized_difference"":""1/6"",""stage3_normalized"":0.3333333333333333,""stage3_raw"":4,""step"":0},{""champion_normalized"":0.5,""champion_raw"":3,""normalized_difference"":""1/6"",""stage3_normalized"":0.3333333333333333,""stage3_raw"":4,""step"":1},{""champion_normalized"":1.0,""champion_raw"":0,""normalized_difference"":""1/6"",""stage3_normalized"":0.8333333333333334,""stage3_raw"":1,""step"":4},{""champion_normalized"":1.0,""champion_raw"":0,""normalized_difference"":""1/6"",""stage3_normalized"":0.8333333333333334,""stage3_raw"":1,""step"":5},{""champion_normalized"":1.0,""champion_raw"":0,""normalized_difference"":""1/6"",""stage3_normalized"":0.8333333333333334,""stage3_raw"":1,""step"":6},{""champion_normalized"":1.0,""champion_raw"":0,""normalized_difference"":""1/6"",""stage3_normalized"":0.8333333333333334,""stage3_raw"":1,""step"":7},{""champion_normalized"":1.0,""champion_raw"":0,""normalized_difference"":""1/6"",""stage3_normalized"":0.8333333333333334,""stage3_raw"":1,""step"":8},{""champion_normalized"":1.0,""champion_raw"":0,""normalized_difference"":""1/6"",""stage3_normalized"":0.8333333333333334,""stage3_raw"":1,""step"":9},{""champion_normalized"":1.0,""champion_raw"":0,""normalized_difference"":""1/6"",""stage3_normalized"":0.8333333333333334,""stage3_raw"":1,""step"":10},{""champion_normalized"":1.0,""champion_raw"":0,""normalized_difference"":""1/6"",""stage3_normalized"":0.8333333333333334,""stage3_raw"":1,""step"":11},{""champion_normalized"":1.0,""champion_raw"":0,""normalized_difference"":""1/6"",""stage3_normalized"":0.8333333333333334,""stage3_raw"":1,""step"":12},{""champion_normalized"":1.0,""champion_raw"":0,""normalized_difference"":""1/6"",""stage3_normalized"":0.8333333333333334,""stage3_raw"":1,""step"":13},{""champion_normalized"":1.0,""champion_raw"":0,""normalized_difference"":""1/6"",""stage3_normalized"":0.8333333333333334,""stage3_raw"":1,""step"":14},{""champion_normalized"":1.0,""champion_raw"":0,""normalized_difference"":""1/6"",""stage3_normalized"":0.8333333333333334,""stage3_raw"":1,""step"":15},{""champion_normalized"":1.0,""champion_raw"":0,""normalized_difference"":""1/6"",""stage3_normalized"":0.8333333333333334,""stage3_raw"":1,""step"":16},{""champion_normalized"":1.0,""champion_raw"":0,""normalized_difference"":""1/6"",""stage3_normalized"":0.8333333333333334,""stage3_raw"":1,""step"":17},{""champion_normalized"":1.0,""champion_raw"":0,""normalized_difference"":""1/6"",""stage3_normalized"":0.8333333333333334,""stage3_raw"":1,""step"":18},{""champion_normalized"":1.0,""champion_raw"":0,""normalized_difference"":""1/6"",""stage3_normalized"":0.8333333333333334,""stage3_raw"":1,""step"":19},{""champion_normalized"":1.0,""champion_raw"":0,""normalized_difference"":""1/6"",""stage3_normalized"":0.8333333333333334,""stage3_raw"":1,""step"":20}]",e82a762ff6cb67e18ce673fded9b79482942eee2de3518bbdffcaa45e4827b73,program-d5ad1c8203e0d9f25f03aabd,e444562c1b308e3b23cb732be5f769ea1923ac1809501cea8571318c4aff0a7b,2243214df58c805e9a9343dc31ed082279e1c2ac31b21243bf889dbc9a19e165,a5f540459695bbf7d454eeccbb8e48158d6130df6a769b67d1447de18276dc01,cef05bb644e2e0a9acbc4972fbaa6d4ba3e033ee8a73ecd756da44100c767f5c
o12-g0453-p4506,12,453,4506,32,0.9479166666666666,0.9479166666666666,0.0,91/96,91/96,0,0,0,4,4,17,17,0,0,,0,0,6,[],57855862fdee762c6a3590ab1ceb51c839342c359e9498ad9bf1e20df8ccbce0,program-d5ad1c8203e0d9f25f03aabd,e444562c1b308e3b23cb732be5f769ea1923ac1809501cea8571318c4aff0a7b,2243214df58c805e9a9343dc31ed082279e1c2ac31b21243bf889dbc9a19e165,a5f540459695bbf7d454eeccbb8e48158d6130df6a769b67d1447de18276dc01,cef05bb644e2e0a9acbc4972fbaa6d4ba3e033ee8a73ecd756da44100c767f5c
o12-g0453-p4507,12,453,4507,32,0.875,0.96875,-0.09375,7/8,31/32,-3/32,0,0,5,3,20,27,0,0,1,-3,11,6,"[{""champion_normalized"":0.5,""champion_raw"":3,""normalized_difference"":""-1/6"",""stage3_normalized"":0.6666666666666666,""stage3_raw"":2,""step"":1},{""champion_normalized"":0.6666666666666666,""champion_raw"":2,""normalized_difference"":""-1/3"",""stage3_normalized"":1.0,""stage3_raw"":0,""step"":2},{""champion_normalized"":0.6666666666666666,""champion_raw"":2,""normalized_difference"":""-1/3"",""stage3_normalized"":1.0,""stage3_raw"":0,""step"":3},{""champion_normalized"":0.6666666666666666,""champion_raw"":2,""normalized_difference"":""-1/3"",""stage3_normalized"":1.0,""stage3_raw"":0,""step"":4},{""champion_normalized"":0.6666666666666666,""champion_raw"":2,""normalized_difference"":""-1/3"",""stage3_normalized"":1.0,""stage3_raw"":0,""step"":5},{""champion_normalized"":0.6666666666666666,""champion_raw"":2,""normalized_difference"":""-1/3"",""stage3_normalized"":1.0,""stage3_raw"":0,""step"":6},{""champion_normalized"":0.6666666666666666,""champion_raw"":2,""normalized_difference"":""-1/3"",""stage3_normalized"":1.0,""stage3_raw"":0,""step"":7},{""champion_normalized"":0.6666666666666666,""champion_raw"":2,""normalized_difference"":""-1/3"",""stage3_normalized"":1.0,""stage3_raw"":0,""step"":8},{""champion_normalized"":0.8333333333333334,""champion_raw"":1,""normalized_difference"":""-1/6"",""stage3_normalized"":1.0,""stage3_raw"":0,""step"":9},{""champion_normalized"":0.8333333333333334,""champion_raw"":1,""normalized_difference"":""-1/6"",""stage3_normalized"":1.0,""stage3_raw"":0,""step"":10},{""champion_normalized"":0.8333333333333334,""champion_raw"":1,""normalized_difference"":""-1/6"",""stage3_normalized"":1.0,""stage3_raw"":0,""step"":11}]",acbd2c03edf6a8d026be6112366373574c3776680e47066f6caac5dbd8c255c1,program-d5ad1c8203e0d9f25f03aabd,e444562c1b308e3b23cb732be5f769ea1923ac1809501cea8571318c4aff0a7b,2243214df58c805e9a9343dc31ed082279e1c2ac31b21243bf889dbc9a19e165,a5f540459695bbf7d454eeccbb8e48158d6130df6a769b67d1447de18276dc01,cef05bb644e2e0a9acbc4972fbaa6d4ba3e033ee8a73ecd756da44100c767f5c
o12-g0453-p4508,12,453,4508,32,0.953125,0.8177083333333334,0.13541666666666666,61/64,157/192,13/96,0,1,3,2,39,32,0,0,0,13/3,29,6,"[{""champion_normalized"":0.5,""champion_raw"":3,""normalized_difference"":""1/6"",""stage3_normalized"":0.3333333333333333,""stage3_raw"":4,""step"":0},{""champion_normalized"":0.5,""champion_raw"":3,""normalized_difference"":""-1/3"",""stage3_normalized"":0.8333333333333334,""stage3_raw"":1,""step"":1},{""champion_normalized"":1.0,""champion_raw"":0,""normalized_difference"":""1/6"",""stage3_normalized"":0.8333333333333334,""stage3_raw"":1,""step"":5},{""champion_normalized"":1.0,""champion_raw"":0,""normalized_difference"":""1/6"",""stage3_normalized"":0.8333333333333334,""stage3_raw"":1,""step"":6},{""champion_normalized"":1.0,""champion_raw"":0,""normalized_difference"":""1/6"",""stage3_normalized"":0.8333333333333334,""stage3_raw"":1,""step"":7},{""champion_normalized"":1.0,""champion_raw"":0,""normalized_difference"":""1/6"",""stage3_normalized"":0.8333333333333334,""stage3_raw"":1,""step"":8},{""champion_normalized"":1.0,""champion_raw"":0,""normalized_difference"":""1/6"",""stage3_normalized"":0.8333333333333334,""stage3_raw"":1,""step"":9},{""champion_normalized"":1.0,""champion_raw"":0,""normalized_difference"":""1/6"",""stage3_normalized"":0.8333333333333334,""stage3_raw"":1,""step"":10},{""champion_normalized"":1.0,""champion_raw"":0,""normalized_difference"":""1/6"",""stage3_normalized"":0.8333333333333334,""stage3_raw"":1,""step"":11},{""champion_normalized"":1.0,""champion_raw"":0,""normalized_difference"":""1/6"",""stage3_normalized"":0.8333333333333334,""stage3_raw"":1,""step"":12},{""champion_normalized"":1.0,""champion_raw"":0,""normalized_difference"":""1/6"",""stage3_normalized"":0.8333333333333334,""stage3_raw"":1,""step"":13},{""champion_normalized"":1.0,""champion_raw"":0,""normalized_difference"":""1/6"",""stage3_normalized"":0.8333333333333334,""stage3_raw"":1,""step"":14},{""champion_normalized"":1.0,""champion_raw"":0,""normalized_difference"":""1/6"",""stage3_normalized"":0.8333333333333334,""stage3_raw"":1,""step"":15},{""champion_normalized"":1.0,""champion_raw"":0,""normalized_difference"":""1/6"",""stage3_normalized"":0.8333333333333334,""stage3_raw"":1,""step"":16},{""champion_normalized"":1.0,""champion_raw"":0,""normalized_difference"":""1/6"",""stage3_normalized"":0.8333333333333334,""stage3_raw"":1,""step"":17},{""champion_normalized"":1.0,""champion_raw"":0,""normalized_difference"":""1/6"",""stage3_normalized"":0.8333333333333334,""stage3_raw"":1,""step"":18},{""champion_normalized"":1.0,""champion_raw"":0,""normalized_difference"":""1/6"",""stage3_normalized"":0.8333333333333334,""stage3_raw"":1,""step"":19},{""champion_normalized"":1.0,""champion_raw"":0,""normalized_difference"":""1/6"",""stage3_normalized"":0.8333333333333334,""stage3_raw"":1,""step"":20},{""champion_normalized"":1.0,""champion_raw"":0,""normalized_difference"":""1/6"",""stage3_normalized"":0.8333333333333334,""stage3_raw"":1,""step"":21},{""champion_normalized"":1.0,""champion_raw"":0,""normalized_difference"":""1/6"",""stage3_normalized"":0.8333333333333334,""stage3_raw"":1,""step"":22},{""champion_normalized"":1.0,""champion_raw"":0,""normalized_difference"":""1/6"",""stage3_normalized"":0.8333333333333334,""stage3_raw"":1,""step"":23},{""champion_normalized"":1.0,""champion_raw"":0,""normalized_difference"":""1/6"",""stage3_normalized"":0.8333333333333334,""stage3_raw"":1,""step"":24},{""champion_normalized"":1.0,""champion_raw"":0,""normalized_difference"":""1/6"",""stage3_normalized"":0.8333333333333334,""stage3_raw"":1,""step"":25},{""champion_normalized"":1.0,""champion_raw"":0,""normalized_difference"":""1/6"",""stage3_normalized"":0.8333333333333334,""stage3_raw"":1,""step"":26},{""champion_normalized"":1.0,""champion_raw"":0,""normalized_difference"":""1/6"",""stage3_normalized"":0.8333333333333334,""stage3_raw"":1,""step"":27},{""champion_normalized"":1.0,""champion_raw"":0,""normalized_difference"":""1/6"",""stage3_normalized"":0.8333333333333334,""stage3_raw"":1,""step"":28},{""champion_normalized"":1.0,""champion_raw"":0,""normalized_difference"":""1/6"",""stage3_normalized"":0.8333333333333334,""stage3_raw"":1,""step"":29},{""champion_normalized"":1.0,""champion_raw"":0,""normalized_difference"":""1/6"",""stage3_normalized"":0.8333333333333334,""stage3_raw"":1,""step"":30},{""champion_normalized"":1.0,""champion_raw"":0,""normalized_difference"":""1/6"",""stage3_normalized"":0.8333333333333334,""stage3_raw"":1,""step"":31}]",3b43858eca0f57ccd36baa820592ecc1096c5bda9baacb6c1962d767d41a6bb2,program-d5ad1c8203e0d9f25f03aabd,e444562c1b308e3b23cb732be5f769ea1923ac1809501cea8571318c4aff0a7b,2243214df58c805e9a9343dc31ed082279e1c2ac31b21243bf889dbc9a19e165,a5f540459695bbf7d454eeccbb8e48158d6130df6a769b67d1447de18276dc01,cef05bb644e2e0a9acbc4972fbaa6d4ba3e033ee8a73ecd756da44100c767f5c
o12-g0453-p4509,12,453,4509,32,0.8958333333333334,0.9895833333333334,-0.09375,43/48,95/96,-3/32,0,0,4,2,32,15,0,0,0,-3,10,6,"[{""champion_normalized"":0.3333333333333333,""champion_raw"":4,""normalized_difference"":""-1/3"",""stage3_normalized"":0.6666666666666666,""stage3_raw"":2,""step"":0},{""champion_normalized"":0.3333333333333333,""champion_raw"":4,""normalized_difference"":""-2/3"",""stage3_normalized"":1.0,""stage3_raw"":0,""step"":1},{""champion_normalized"":0.5,""champion_raw"":3,""normalized_difference"":""-1/2"",""stage3_normalized"":1.0,""stage3_raw"":0,""step"":2},{""champion_normalized"":0.5,""champion_raw"":3,""normalized_difference"":""-1/2"",""stage3_normalized"":1.0,""stage3_raw"":0,""step"":3},{""champion_normalized"":0.8333333333333334,""champion_raw"":1,""normalized_difference"":""-1/6"",""stage3_normalized"":1.0,""stage3_raw"":0,""step"":4},{""champion_normalized"":0.8333333333333334,""champion_raw"":1,""normalized_difference"":""-1/6"",""stage3_normalized"":1.0,""stage3_raw"":0,""step"":5},{""champion_normalized"":0.8333333333333334,""champion_raw"":1,""normalized_difference"":""-1/6"",""stage3_normalized"":1.0,""stage3_raw"":0,""step"":6},{""champion_normalized"":0.8333333333333334,""champion_raw"":1,""normalized_difference"":""-1/6"",""stage3_normalized"":1.0,""stage3_raw"":0,""step"":7},{""champion_normalized"":0.8333333333333334,""champion_raw"":1,""normalized_difference"":""-1/6"",""stage3_normalized"":1.0,""stage3_raw"":0,""step"":8},{""champion_normalized"":0.8333333333333334,""champion_raw"":1,""normalized_difference"":""-1/6"",""stage3_normalized"":1.0,""stage3_raw"":0,""step"":9}]",827b5022ca608517a3b04ffd2ec55041679afd994b79da76408c3de232abaea3,program-d5ad1c8203e0d9f25f03aabd,e444562c1b308e3b23cb732be5f769ea1923ac1809501cea8571318c4aff0a7b,2243214df58c805e9a9343dc31ed082279e1c2ac31b21243bf889dbc9a19e165,a5f540459695bbf7d454eeccbb8e48158d6130df6a769b67d1447de18276dc01,cef05bb644e2e0a9acbc4972fbaa6d4ba3e033ee8a73ecd756da44100c767f5c
o12-g0453-p4510,12,453,4510,32,0.96875,0.96875,0.0,31/32,31/32,0,0,0,3,3,22,22,0,0,,0,0,6,[],bebc633a16e28a655cebabdedcef50d6f72b0e788ac749b590f5df8b5c761572,program-d5ad1c8203e0d9f25f03aabd,e444562c1b308e3b23cb732be5f769ea1923ac1809501cea8571318c4aff0a7b,2243214df58c805e9a9343dc31ed082279e1c2ac31b21243bf889dbc9a19e165,a5f540459695bbf7d454eeccbb8e48158d6130df6a769b67d1447de18276dc01,cef05bb644e2e0a9acbc4972fbaa6d4ba3e033ee8a73ecd756da44100c767f5c
o12-g0453-p4511,12,453,4511,32,0.9322916666666666,0.8385416666666666,0.09375,179/192,161/192,3/32,0,0,4,4,44,37,0,0,4,3,18,6,"[{""champion_normalized"":0.8333333333333334,""champion_raw"":1,""normalized_difference"":""1/6"",""stage3_normalized"":0.6666666666666666,""stage3_raw"":2,""step"":4},{""champion_normalized"":1.0,""champion_raw"":0,""normalized_difference"":""1/6"",""stage3_normalized"":0.8333333333333334,""stage3_raw"":1,""step"":7},{""champion_normalized"":1.0,""champion_raw"":0,""normalized_difference"":""1/6"",""stage3_normalized"":0.8333333333333334,""stage3_raw"":1,""step"":8},{""champion_normalized"":1.0,""champion_raw"":0,""normalized_difference"":""1/6"",""stage3_normalized"":0.8333333333333334,""stage3_raw"":1,""step"":9},{""champion_normalized"":1.0,""champion_raw"":0,""normalized_difference"":""1/6"",""stage3_normalized"":0.8333333333333334,""stage3_raw"":1,""step"":10},{""champion_normalized"":1.0,""champion_raw"":0,""normalized_difference"":""1/6"",""stage3_normalized"":0.8333333333333334,""stage3_raw"":1,""step"":11},{""champion_normalized"":1.0,""champion_raw"":0,""normalized_difference"":""1/6"",""stage3_normalized"":0.8333333333333334,""stage3_raw"":1,""step"":12},{""champion_normalized"":1.0,""champion_raw"":0,""normalized_difference"":""1/6"",""stage3_normalized"":0.8333333333333334,""stage3_raw"":1,""step"":13},{""champion_normalized"":1.0,""champion_raw"":0,""normalized_difference"":""1/6"",""stage3_normalized"":0.8333333333333334,""stage3_raw"":1,""step"":14},{""champion_normalized"":1.0,""champion_raw"":0,""normalized_difference"":""1/6"",""stage3_normalized"":0.8333333333333334,""stage3_raw"":1,""step"":15},{""champion_normalized"":1.0,""champion_raw"":0,""normalized_difference"":""1/6"",""stage3_normalized"":0.8333333333333334,""stage3_raw"":1,""step"":16},{""champion_normalized"":1.0,""champion_raw"":0,""normalized_difference"":""1/6"",""stage3_normalized"":0.8333333333333334,""stage3_raw"":1,""step"":17},{""champion_normalized"":1.0,""champion_raw"":0,""normalized_difference"":""1/6"",""stage3_normalized"":0.8333333333333334,""stage3_raw"":1,""step"":18},{""champion_normalized"":1.0,""champion_raw"":0,""normalized_difference"":""1/6"",""stage3_normalized"":0.8333333333333334,""stage3_raw"":1,""step"":19},{""champion_normalized"":1.0,""champion_raw"":0,""normalized_difference"":""1/6"",""stage3_normalized"":0.8333333333333334,""stage3_raw"":1,""step"":20},{""champion_normalized"":1.0,""champion_raw"":0,""normalized_difference"":""1/6"",""stage3_normalized"":0.8333333333333334,""stage3_raw"":1,""step"":21},{""champion_normalized"":1.0,""champion_raw"":0,""normalized_difference"":""1/6"",""stage3_normalized"":0.8333333333333334,""stage3_raw"":1,""step"":22},{""champion_normalized"":1.0,""champion_raw"":0,""normalized_difference"":""1/6"",""stage3_normalized"":0.8333333333333334,""stage3_raw"":1,""step"":23}]",3cfd4f536d37490c29ca9f7938b92ca040ed50d20b229d4c23a77723e3bb192b,program-d5ad1c8203e0d9f25f03aabd,e444562c1b308e3b23cb732be5f769ea1923ac1809501cea8571318c4aff0a7b,2243214df58c805e9a9343dc31ed082279e1c2ac31b21243bf889dbc9a19e165,a5f540459695bbf7d454eeccbb8e48158d6130df6a769b67d1447de18276dc01,cef05bb644e2e0a9acbc4972fbaa6d4ba3e033ee8a73ecd756da44100c767f5c
o12-g0453-p4512,12,453,4512,32,0.953125,0.953125,0.0,61/64,61/64,0,0,0,3,3,17,17,1,1,,0,0,6,[],706f5be00a3c83afcf5060057bf041224e5204c4ba56fd0cc7b0df5b6236c0d9,program-d5ad1c8203e0d9f25f03aabd,e444562c1b308e3b23cb732be5f769ea1923ac1809501cea8571318c4aff0a7b,2243214df58c805e9a9343dc31ed082279e1c2ac31b21243bf889dbc9a19e165,a5f540459695bbf7d454eeccbb8e48158d6130df6a769b67d1447de18276dc01,cef05bb644e2e0a9acbc4972fbaa6d4ba3e033ee8a73ecd756da44100c767f5c
o12-g0453-p4513,12,453,4513,32,0.9427083333333334,0.8229166666666666,0.11979166666666667,181/192,79/96,23/192,0,0,4,4,22,39,0,0,3,23/6,23,6,"[{""champion_normalized"":0.8333333333333334,""champion_raw"":1,""normalized_difference"":""1/6"",""stage3_normalized"":0.6666666666666666,""stage3_raw"":2,""step"":3},{""champion_normalized"":1.0,""champion_raw"":0,""normalized_difference"":""1/6"",""stage3_normalized"":0.8333333333333334,""stage3_raw"":1,""step"":6},{""champion_normalized"":1.0,""champion_raw"":0,""normalized_difference"":""1/6"",""stage3_normalized"":0.8333333333333334,""stage3_raw"":1,""step"":7},{""champion_normalized"":1.0,""champion_raw"":0,""normalized_difference"":""1/6"",""stage3_normalized"":0.8333333333333334,""stage3_raw"":1,""step"":8},{""champion_normalized"":1.0,""champion_raw"":0,""normalized_difference"":""1/6"",""stage3_normalized"":0.8333333333333334,""stage3_raw"":1,""step"":9},{""champion_normalized"":1.0,""champion_raw"":0,""normalized_difference"":""1/6"",""stage3_normalized"":0.8333333333333334,""stage3_raw"":1,""step"":10},{""champion_normalized"":1.0,""champion_raw"":0,""normalized_difference"":""1/6"",""stage3_normalized"":0.8333333333333334,""stage3_raw"":1,""step"":11},{""champion_normalized"":1.0,""champion_raw"":0,""normalized_difference"":""1/6"",""stage3_normalized"":0.8333333333333334,""stage3_raw"":1,""step"":12},{""champion_normalized"":1.0,""champion_raw"":0,""normalized_difference"":""1/6"",""stage3_normalized"":0.8333333333333334,""stage3_raw"":1,""step"":13},{""champion_normalized"":1.0,""champion_raw"":0,""normalized_difference"":""1/6"",""stage3_normalized"":0.8333333333333334,""stage3_raw"":1,""step"":14},{""champion_normalized"":1.0,""champion_raw"":0,""normalized_difference"":""1/6"",""stage3_normalized"":0.8333333333333334,""stage3_raw"":1,""step"":15},{""champion_normalized"":1.0,""champion_raw"":0,""normalized_difference"":""1/6"",""stage3_normalized"":0.8333333333333334,""stage3_raw"":1,""step"":16},{""champion_normalized"":1.0,""champion_raw"":0,""normalized_difference"":""1/6"",""stage3_normalized"":0.8333333333333334,""stage3_raw"":1,""step"":17},{""champion_normalized"":1.0,""champion_raw"":0,""normalized_difference"":""1/6"",""stage3_normalized"":0.8333333333333334,""stage3_raw"":1,""step"":18},{""champion_normalized"":1.0,""champion_raw"":0,""normalized_difference"":""1/6"",""stage3_normalized"":0.8333333333333334,""stage3_raw"":1,""step"":19},{""champion_normalized"":1.0,""champion_raw"":0,""normalized_difference"":""1/6"",""stage3_normalized"":0.8333333333333334,""stage3_raw"":1,""step"":20},{""champion_normalized"":1.0,""champion_raw"":0,""normalized_difference"":""1/6"",""stage3_normalized"":0.8333333333333334,""stage3_raw"":1,""step"":21},{""champion_normalized"":1.0,""champion_raw"":0,""normalized_difference"":""1/6"",""stage3_normalized"":0.8333333333333334,""stage3_raw"":1,""step"":22},{""champion_normalized"":1.0,""champion_raw"":0,""normalized_difference"":""1/6"",""stage3_normalized"":0.8333333333333334,""stage3_raw"":1,""step"":23},{""champion_normalized"":1.0,""champion_raw"":0,""normalized_difference"":""1/6"",""stage3_normalized"":0.8333333333333334,""stage3_raw"":1,""step"":24},{""champion_normalized"":1.0,""champion_raw"":0,""normalized_difference"":""1/6"",""stage3_normalized"":0.8333333333333334,""stage3_raw"":1,""step"":25},{""champion_normalized"":1.0,""champion_raw"":0,""normalized_difference"":""1/6"",""stage3_normalized"":0.8333333333333334,""stage3_raw"":1,""step"":26},{""champion_normalized"":1.0,""champion_raw"":0,""normalized_difference"":""1/6"",""stage3_normalized"":0.8333333333333334,""stage3_raw"":1,""step"":27}]",6689081f77bd6c65e810e83b6b9330fb9125b7cf92273497ee363bafc79989b0,program-d5ad1c8203e0d9f25f03aabd,e444562c1b308e3b23cb732be5f769ea1923ac1809501cea8571318c4aff0a7b,2243214df58c805e9a9343dc31ed082279e1c2ac31b21243bf889dbc9a19e165,a5f540459695bbf7d454eeccbb8e48158d6130df6a769b67d1447de18276dc01,cef05bb644e2e0a9acbc4972fbaa6d4ba3e033ee8a73ecd756da44100c767f5c
o12-g0453-p4514,12,453,4514,32,0.953125,0.8229166666666666,0.13020833333333334,61/64,79/96,25/192,0,1,4,2,49,24,0,0,0,25/6,30,6,"[{""champion_normalized"":0.3333333333333333,""champion_raw"":4,""normalized_difference"":""-1/3"",""stage3_normalized"":0.6666666666666666,""stage3_raw"":2,""step"":0},{""champion_normalized"":0.6666666666666666,""champion_raw"":2,""normalized_difference"":""-1/6"",""stage3_normalized"":0.8333333333333334,""stage3_raw"":1,""step"":2},{""champion_normalized"":1.0,""champion_raw"":0,""normalized_difference"":""1/6"",""stage3_normalized"":0.8333333333333334,""stage3_raw"":1,""step"":4},{""champion_normalized"":1.0,""champion_raw"":0,""normalized_difference"":""1/6"",""stage3_normalized"":0.8333333333333334,""stage3_raw"":1,""step"":5},{""champion_normalized"":1.0,""champion_raw"":0,""normalized_difference"":""1/6"",""stage3_normalized"":0.8333333333333334,""stage3_raw"":1,""step"":6},{""champion_normalized"":1.0,""champion_raw"":0,""normalized_difference"":""1/6"",""stage3_normalized"":0.8333333333333334,""stage3_raw"":1,""step"":7},{""champion_normalized"":1.0,""champion_raw"":0,""normalized_difference"":""1/6"",""stage3_normalized"":0.8333333333333334,""stage3_raw"":1,""step"":8},{""champion_normalized"":1.0,""champion_raw"":0,""normalized_difference"":""1/6"",""stage3_normalized"":0.8333333333333334,""stage3_raw"":1,""step"":9},{""champion_normalized"":1.0,""champion_raw"":0,""normalized_difference"":""1/6"",""stage3_normalized"":0.8333333333333334,""stage3_raw"":1,""step"":10},{""champion_normalized"":1.0,""champion_raw"":0,""normalized_difference"":""1/6"",""stage3_normalized"":0.8333333333333334,""stage3_raw"":1,""step"":11},{""champion_normalized"":1.0,""champion_raw"":0,""normalized_difference"":""1/6"",""stage3_normalized"":0.8333333333333334,""stage3_raw"":1,""step"":12},{""champion_normalized"":1.0,""champion_raw"":0,""normalized_difference"":""1/6"",""stage3_normalized"":0.8333333333333334,""stage3_raw"":1,""step"":13},{""champion_normalized"":1.0,""champion_raw"":0,""normalized_difference"":""1/6"",""stage3_normalized"":0.8333333333333334,""stage3_raw"":1,""step"":14},{""champion_normalized"":1.0,""champion_raw"":0,""normalized_difference"":""1/6"",""stage3_normalized"":0.8333333333333334,""stage3_raw"":1,""step"":15},{""champion_normalized"":1.0,""champion_raw"":0,""normalized_difference"":""1/6"",""stage3_normalized"":0.8333333333333334,""stage3_raw"":1,""step"":16},{""champion_normalized"":1.0,""champion_raw"":0,""normalized_difference"":""1/6"",""stage3_normalized"":0.8333333333333334,""stage3_raw"":1,""step"":17},{""champion_normalized"":1.0,""champion_raw"":0,""normalized_difference"":""1/6"",""stage3_normalized"":0.8333333333333334,""stage3_raw"":1,""step"":18},{""champion_normalized"":1.0,""champion_raw"":0,""normalized_difference"":""1/6"",""stage3_normalized"":0.8333333333333334,""stage3_raw"":1,""step"":19},{""champion_normalized"":1.0,""champion_raw"":0,""normalized_difference"":""1/6"",""stage3_normalized"":0.8333333333333334,""stage3_raw"":1,""step"":20},{""champion_normalized"":1.0,""champion_raw"":0,""normalized_difference"":""1/6"",""stage3_normalized"":0.8333333333333334,""stage3_raw"":1,""step"":21},{""champion_normalized"":1.0,""champion_raw"":0,""normalized_difference"":""1/6"",""stage3_normalized"":0.8333333333333334,""stage3_raw"":1,""step"":22},{""champion_normalized"":1.0,""champion_raw"":0,""normalized_difference"":""1/6"",""stage3_normalized"":0.8333333333333334,""stage3_raw"":1,""step"":23},{""champion_normalized"":1.0,""champion_raw"":0,""normalized_difference"":""1/6"",""stage3_normalized"":0.8333333333333334,""stage3_raw"":1,""step"":24},{""champion_normalized"":1.0,""champion_raw"":0,""normalized_difference"":""1/6"",""stage3_normalized"":0.8333333333333334,""stage3_raw"":1,""step"":25},{""champion_normalized"":1.0,""champion_raw"":0,""normalized_difference"":""1/6"",""stage3_normalized"":0.8333333333333334,""stage3_raw"":1,""step"":26},{""champion_normalized"":1.0,""champion_raw"":0,""normalized_difference"":""1/6"",""stage3_normalized"":0.8333333333333334,""stage3_raw"":1,""step"":27},{""champion_normalized"":1.0,""champion_raw"":0,""normalized_difference"":""1/6"",""stage3_normalized"":0.8333333333333334,""stage3_raw"":1,""step"":28},{""champion_normalized"":1.0,""champion_raw"":0,""normalized_difference"":""1/6"",""stage3_normalized"":0.8333333333333334,""stage3_raw"":1,""step"":29},{""champion_normalized"":1.0,""champion_raw"":0,""normalized_difference"":""1/6"",""stage3_normalized"":0.8333333333333334,""stage3_raw"":1,""step"":30},{""champion_normalized"":1.0,""champion_raw"":0,""normalized_difference"":""1/6"",""stage3_normalized"":0.8333333333333334,""stage3_raw"":1,""step"":31}]",1da0a3cfc9e8695d7dcd79d5d44e75ec0c4658a7dfc82115685f6aaaee89b565,program-d5ad1c8203e0d9f25f03aabd,e444562c1b308e3b23cb732be5f769ea1923ac1809501cea8571318c4aff0a7b,2243214df58c805e9a9343dc31ed082279e1c2ac31b21243bf889dbc9a19e165,a5f540459695bbf7d454eeccbb8e48158d6130df6a769b67d1447de18276dc01,cef05bb644e2e0a9acbc4972fbaa6d4ba3e033ee8a73ecd756da44100c767f5c
o12-g0453-p4515,12,453,4515,32,0.953125,0.9791666666666666,-0.026041666666666668,61/64,47/48,-5/192,0,0,3,2,31,22,0,0,1,-5/6,5,6,"[{""champion_normalized"":0.8333333333333334,""champion_raw"":1,""normalized_difference"":""-1/6"",""stage3_normalized"":1.0,""stage3_raw"":0,""step"":1},{""champion_normalized"":0.8333333333333334,""champion_raw"":1,""normalized_difference"":""-1/6"",""stage3_normalized"":1.0,""stage3_raw"":0,""step"":2},{""champion_normalized"":0.8333333333333334,""champion_raw"":1,""normalized_difference"":""-1/6"",""stage3_normalized"":1.0,""stage3_raw"":0,""step"":3},{""champion_normalized"":0.8333333333333334,""champion_raw"":1,""normalized_difference"":""-1/6"",""stage3_normalized"":1.0,""stage3_raw"":0,""step"":4},{""champion_normalized"":0.8333333333333334,""champion_raw"":1,""normalized_difference"":""-1/6"",""stage3_normalized"":1.0,""stage3_raw"":0,""step"":5}]",1d2d7e4253a91f871e8d6966201bf3f9c6542ca1e470a997df80bf3d411cad70,program-d5ad1c8203e0d9f25f03aabd,e444562c1b308e3b23cb732be5f769ea1923ac1809501cea8571318c4aff0a7b,2243214df58c805e9a9343dc31ed082279e1c2ac31b21243bf889dbc9a19e165,a5f540459695bbf7d454eeccbb8e48158d6130df6a769b67d1447de18276dc01,cef05bb644e2e0a9acbc4972fbaa6d4ba3e033ee8a73ecd756da44100c767f5c
o12-g0453-p4516,12,453,4516,32,0.953125,0.8385416666666666,0.11458333333333333,61/64,161/192,11/96,0,0,4,5,36,38,0,0,2,11/3,11,6,"[{""champion_normalized"":0.8333333333333334,""champion_raw"":1,""normalized_difference"":""1/3"",""stage3_normalized"":0.5,""stage3_raw"":3,""step"":2},{""champion_normalized"":0.8333333333333334,""champion_raw"":1,""normalized_difference"":""1/3"",""stage3_normalized"":0.5,""stage3_raw"":3,""step"":3},{""champion_normalized"":1.0,""champion_raw"":0,""normalized_difference"":""1/2"",""stage3_normalized"":0.5,""stage3_raw"":3,""step"":4},{""champion_normalized"":1.0,""champion_raw"":0,""normalized_difference"":""1/2"",""stage3_normalized"":0.5,""stage3_raw"":3,""step"":5},{""champion_normalized"":1.0,""champion_raw"":0,""normalized_difference"":""1/3"",""stage3_normalized"":0.6666666666666666,""stage3_raw"":2,""step"":6},{""champion_normalized"":1.0,""champion_raw"":0,""normalized_difference"":""1/3"",""stage3_normalized"":0.6666666666666666,""stage3_raw"":2,""step"":7},{""champion_normalized"":1.0,""champion_raw"":0,""normalized_difference"":""1/3"",""stage3_normalized"":0.6666666666666666,""stage3_raw"":2,""step"":8},{""champion_normalized"":1.0,""champion_raw"":0,""normalized_difference"":""1/3"",""stage3_normalized"":0.6666666666666666,""stage3_raw"":2,""step"":9},{""champion_normalized"":1.0,""champion_raw"":0,""normalized_difference"":""1/3"",""stage3_normalized"":0.6666666666666666,""stage3_raw"":2,""step"":10},{""champion_normalized"":1.0,""champion_raw"":0,""normalized_difference"":""1/6"",""stage3_normalized"":0.8333333333333334,""stage3_raw"":1,""step"":11},{""champion_normalized"":1.0,""champion_raw"":0,""normalized_difference"":""1/6"",""stage3_normalized"":0.8333333333333334,""stage3_raw"":1,""step"":12}]",c3f021a6519b8b3ebde8e69f4cb7ffe343850402b054909a3d7d57c48cfe6fd0,program-d5ad1c8203e0d9f25f03aabd,e444562c1b308e3b23cb732be5f769ea1923ac1809501cea8571318c4aff0a7b,2243214df58c805e9a9343dc31ed082279e1c2ac31b21243bf889dbc9a19e165,a5f540459695bbf7d454eeccbb8e48158d6130df6a769b67d1447de18276dc01,cef05bb644e2e0a9acbc4972fbaa6d4ba3e033ee8a73ecd756da44100c767f5c
o12-g0454-p4501,12,454,4501,32,0.921875,0.921875,0.0,59/64,59/64,0,0,0,5,5,19,19,0,0,,0,0,6,[],26222aa6ee218dab7f75ad39dfc3fd468bc2a6719570b488611ed98ba59cbfa9,program-d5ad1c8203e0d9f25f03aabd,e444562c1b308e3b23cb732be5f769ea1923ac1809501cea8571318c4aff0a7b,2243214df58c805e9a9343dc31ed082279e1c2ac31b21243bf889dbc9a19e165,a5f540459695bbf7d454eeccbb8e48158d6130df6a769b67d1447de18276dc01,cef05bb644e2e0a9acbc4972fbaa6d4ba3e033ee8a73ecd756da44100c767f5c
o12-g0454-p4502,12,454,4502,32,0.9947916666666666,0.8958333333333334,0.09895833333333333,191/192,43/48,19/192,0,0,2,2,11,29,0,0,1,19/6,19,6,"[{""champion_normalized"":1.0,""champion_raw"":0,""normalized_difference"":""1/6"",""stage3_normalized"":0.8333333333333334,""stage3_raw"":1,""step"":1},{""champion_normalized"":1.0,""champion_raw"":0,""normalized_difference"":""1/6"",""stage3_normalized"":0.8333333333333334,""stage3_raw"":1,""step"":2},{""champion_normalized"":1.0,""champion_raw"":0,""normalized_difference"":""1/6"",""stage3_normalized"":0.8333333333333334,""stage3_raw"":1,""step"":3},{""champion_normalized"":1.0,""champion_raw"":0,""normalized_difference"":""1/6"",""stage3_normalized"":0.8333333333333334,""stage3_raw"":1,""step"":4},{""champion_normalized"":1.0,""champion_raw"":0,""normalized_difference"":""1/6"",""stage3_normalized"":0.8333333333333334,""stage3_raw"":1,""step"":5},{""champion_normalized"":1.0,""champion_raw"":0,""normalized_difference"":""1/6"",""stage3_normalized"":0.8333333333333334,""stage3_raw"":1,""step"":6},{""champion_normalized"":1.0,""champion_raw"":0,""normalized_difference"":""1/6"",""stage3_normalized"":0.8333333333333334,""stage3_raw"":1,""step"":7},{""champion_normalized"":1.0,""champion_raw"":0,""normalized_difference"":""1/6"",""stage3_normalized"":0.8333333333333334,""stage3_raw"":1,""step"":8},{""champion_normalized"":1.0,""champion_raw"":0,""normalized_difference"":""1/6"",""stage3_normalized"":0.8333333333333334,""stage3_raw"":1,""step"":9},{""champion_normalized"":1.0,""champion_raw"":0,""normalized_difference"":""1/6"",""stage3_normalized"":0.8333333333333334,""stage3_raw"":1,""step"":10},{""champion_normalized"":1.0,""champion_raw"":0,""normalized_difference"":""1/6"",""stage3_normalized"":0.8333333333333334,""stage3_raw"":1,""step"":11},{""champion_normalized"":1.0,""champion_raw"":0,""normalized_difference"":""1/6"",""stage3_normalized"":0.8333333333333334,""stage3_raw"":1,""step"":12},{""champion_normalized"":1.0,""champion_raw"":0,""normalized_difference"":""1/6"",""stage3_normalized"":0.8333333333333334,""stage3_raw"":1,""step"":13},{""champion_normalized"":1.0,""champion_raw"":0,""normalized_difference"":""1/6"",""stage3_normalized"":0.8333333333333334,""stage3_raw"":1,""step"":14},{""champion_normalized"":1.0,""champion_raw"":0,""normalized_difference"":""1/6"",""stage3_normalized"":0.8333333333333334,""stage3_raw"":1,""step"":15},{""champion_normalized"":1.0,""champion_raw"":0,""normalized_difference"":""1/6"",""stage3_normalized"":0.8333333333333334,""stage3_raw"":1,""step"":16},{""champion_normalized"":1.0,""champion_raw"":0,""normalized_difference"":""1/6"",""stage3_normalized"":0.8333333333333334,""stage3_raw"":1,""step"":17},{""champion_normalized"":1.0,""champion_raw"":0,""normalized_difference"":""1/6"",""stage3_normalized"":0.8333333333333334,""stage3_raw"":1,""step"":18},{""champion_normalized"":1.0,""champion_raw"":0,""normalized_difference"":""1/6"",""stage3_normalized"":0.8333333333333334,""stage3_raw"":1,""step"":19}]",801ac52314e9c7880411b0e429300dfde9c18084060d22dfb9aef873a98332b6,program-d5ad1c8203e0d9f25f03aabd,e444562c1b308e3b23cb732be5f769ea1923ac1809501cea8571318c4aff0a7b,2243214df58c805e9a9343dc31ed082279e1c2ac31b21243bf889dbc9a19e165,a5f540459695bbf7d454eeccbb8e48158d6130df6a769b67d1447de18276dc01,cef05bb644e2e0a9acbc4972fbaa6d4ba3e033ee8a73ecd756da44100c767f5c
o12-g0454-p4503,12,454,4503,32,0.9010416666666666,0.8958333333333334,0.005208333333333333,173/192,43/48,1/192,0,0,3,3,47,33,0,0,0,1/6,2,6,"[{""champion_normalized"":0.6666666666666666,""champion_raw"":2,""normalized_difference"":""1/3"",""stage3_normalized"":0.3333333333333333,""stage3_raw"":4,""step"":0},{""champion_normalized"":0.6666666666666666,""champion_raw"":2,""normalized_difference"":""-1/6"",""stage3_normalized"":0.8333333333333334,""stage3_raw"":1,""step"":1}]",71693468b8d7255f65f648bd6831d96d27d34bdb03455102acc4fb088b2b36d7,program-d5ad1c8203e0d9f25f03aabd,e444562c1b308e3b23cb732be5f769ea1923ac1809501cea8571318c4aff0a7b,2243214df58c805e9a9343dc31ed082279e1c2ac31b21243bf889dbc9a19e165,a5f540459695bbf7d454eeccbb8e48158d6130df6a769b67d1447de18276dc01,cef05bb644e2e0a9acbc4972fbaa6d4ba3e033ee8a73ecd756da44100c767f5c
o12-g0454-p4504,12,454,4504,32,0.9739583333333334,0.9166666666666666,0.057291666666666664,187/192,11/12,11/192,0,0,3,3,26,40,0,0,0,11/6,11,6,"[{""champion_normalized"":0.5,""champion_raw"":3,""normalized_difference"":""-1/6"",""stage3_normalized"":0.6666666666666666,""stage3_raw"":2,""step"":0},{""champion_normalized"":1.0,""champion_raw"":0,""normalized_difference"":""1/3"",""stage3_normalized"":0.6666666666666666,""stage3_raw"":2,""step"":2},{""champion_normalized"":1.0,""champion_raw"":0,""normalized_difference"":""1/3"",""stage3_normalized"":0.6666666666666666,""stage3_raw"":2,""step"":3},{""champion_normalized"":1.0,""champion_raw"":0,""normalized_difference"":""1/6"",""stage3_normalized"":0.8333333333333334,""stage3_raw"":1,""step"":4},{""champion_normalized"":1.0,""champion_raw"":0,""normalized_difference"":""1/6"",""stage3_normalized"":0.8333333333333334,""stage3_raw"":1,""step"":5},{""champion_normalized"":1.0,""champion_raw"":0,""normalized_difference"":""1/6"",""stage3_normalized"":0.8333333333333334,""stage3_raw"":1,""step"":6},{""champion_normalized"":1.0,""champion_raw"":0,""normalized_difference"":""1/6"",""stage3_normalized"":0.8333333333333334,""stage3_raw"":1,""step"":7},{""champion_normalized"":1.0,""champion_raw"":0,""normalized_difference"":""1/6"",""stage3_normalized"":0.8333333333333334,""stage3_raw"":1,""step"":8},{""champion_normalized"":1.0,""champion_raw"":0,""normalized_difference"":""1/6"",""stage3_normalized"":0.8333333333333334,""stage3_raw"":1,""step"":9},{""champion_normalized"":1.0,""champion_raw"":0,""normalized_difference"":""1/6"",""stage3_normalized"":0.8333333333333334,""stage3_raw"":1,""step"":10},{""champion_normalized"":1.0,""champion_raw"":0,""normalized_difference"":""1/6"",""stage3_normalized"":0.8333333333333334,""stage3_raw"":1,""step"":11}]",f77f22bb0d45af6eee6210e62925981b735471a5f2bbd3b0b85c5b8a40eba328,program-d5ad1c8203e0d9f25f03aabd,e444562c1b308e3b23cb732be5f769ea1923ac1809501cea8571318c4aff0a7b,2243214df58c805e9a9343dc31ed082279e1c2ac31b21243bf889dbc9a19e165,a5f540459695bbf7d454eeccbb8e48158d6130df6a769b67d1447de18276dc01,cef05bb644e2e0a9acbc4972fbaa6d4ba3e033ee8a73ecd756da44100c767f5c
o12-g0454-p4505,12,454,4505,32,0.96875,0.8802083333333334,0.08854166666666667,31/32,169/192,17/192,0,0,3,4,58,51,0,0,1,17/6,17,6,"[{""champion_normalized"":0.8333333333333334,""champion_raw"":1,""normalized_difference"":""1/6"",""stage3_normalized"":0.6666666666666666,""stage3_raw"":2,""step"":1},{""champion_normalized"":1.0,""champion_raw"":0,""normalized_difference"":""1/6"",""stage3_normalized"":0.8333333333333334,""stage3_raw"":1,""step"":4},{""champion_normalized"":1.0,""champion_raw"":0,""normalized_difference"":""1/6"",""stage3_normalized"":0.8333333333333334,""stage3_raw"":1,""step"":5},{""champion_normalized"":1.0,""champion_raw"":0,""normalized_difference"":""1/6"",""stage3_normalized"":0.8333333333333334,""stage3_raw"":1,""step"":6},{""champion_normalized"":1.0,""champion_raw"":0,""normalized_difference"":""1/6"",""stage3_normalized"":0.8333333333333334,""stage3_raw"":1,""step"":7},{""champion_normalized"":1.0,""champion_raw"":0,""normalized_difference"":""1/6"",""stage3_normalized"":0.8333333333333334,""stage3_raw"":1,""step"":8},{""champion_normalized"":1.0,""champion_raw"":0,""normalized_difference"":""1/6"",""stage3_normalized"":0.8333333333333334,""stage3_raw"":1,""step"":9},{""champion_normalized"":1.0,""champion_raw"":0,""normalized_difference"":""1/6"",""stage3_normalized"":0.8333333333333334,""stage3_raw"":1,""step"":10},{""champion_normalized"":1.0,""champion_raw"":0,""normalized_difference"":""1/6"",""stage3_normalized"":0.8333333333333334,""stage3_raw"":1,""step"":11},{""champion_normalized"":1.0,""champion_raw"":0,""normalized_difference"":""1/6"",""stage3_normalized"":0.8333333333333334,""stage3_raw"":1,""step"":12},{""champion_normalized"":1.0,""champion_raw"":0,""normalized_difference"":""1/6"",""stage3_normalized"":0.8333333333333334,""stage3_raw"":1,""step"":13},{""champion_normalized"":1.0,""champion_raw"":0,""normalized_difference"":""1/6"",""stage3_normalized"":0.8333333333333334,""stage3_raw"":1,""step"":14},{""champion_normalized"":1.0,""champion_raw"":0,""normalized_difference"":""1/6"",""stage3_normalized"":0.8333333333333334,""stage3_raw"":1,""step"":15},{""champion_normalized"":1.0,""champion_raw"":0,""normalized_difference"":""1/6"",""stage3_normalized"":0.8333333333333334,""stage3_raw"":1,""step"":16},{""champion_normalized"":1.0,""champion_raw"":0,""normalized_difference"":""1/6"",""stage3_normalized"":0.8333333333333334,""stage3_raw"":1,""step"":17},{""champion_normalized"":1.0,""champion_raw"":0,""normalized_difference"":""1/6"",""stage3_normalized"":0.8333333333333334,""stage3_raw"":1,""step"":18},{""champion_normalized"":1.0,""champion_raw"":0,""normalized_difference"":""1/6"",""stage3_normalized"":0.8333333333333334,""stage3_raw"":1,""step"":19}]",8405754987da2aa07d33215669d2bf9d1fd185ab1b89a51066c6458b5717414d,program-d5ad1c8203e0d9f25f03aabd,e444562c1b308e3b23cb732be5f769ea1923ac1809501cea8571318c4aff0a7b,2243214df58c805e9a9343dc31ed082279e1c2ac31b21243bf889dbc9a19e165,a5f540459695bbf7d454eeccbb8e48158d6130df6a769b67d1447de18276dc01,cef05bb644e2e0a9acbc4972fbaa6d4ba3e033ee8a73ecd756da44100c767f5c
o12-g0454-p4506,12,454,4506,32,0.9583333333333334,0.953125,0.005208333333333333,23/24,61/64,1/192,0,0,2,2,41,43,0,0,8,1/6,1,6,"[{""champion_normalized"":1.0,""champion_raw"":0,""normalized_difference"":""1/6"",""stage3_normalized"":0.8333333333333334,""stage3_raw"":1,""step"":8}]",2cec8042e324926ce430c0950bf0af0f2993a07c890ae4e4337712572dc64425,program-d5ad1c8203e0d9f25f03aabd,e444562c1b308e3b23cb732be5f769ea1923ac1809501cea8571318c4aff0a7b,2243214df58c805e9a9343dc31ed082279e1c2ac31b21243bf889dbc9a19e165,a5f540459695bbf7d454eeccbb8e48158d6130df6a769b67d1447de18276dc01,cef05bb644e2e0a9acbc4972fbaa6d4ba3e033ee8a73ecd756da44100c767f5c
o12-g0454-p4507,12,454,4507,32,0.9947916666666666,0.9739583333333334,0.020833333333333332,191/192,187/192,1/48,0,0,2,2,38,13,0,0,1,2/3,4,6,"[{""champion_normalized"":1.0,""champion_raw"":0,""normalized_difference"":""1/6"",""stage3_normalized"":0.8333333333333334,""stage3_raw"":1,""step"":1},{""champion_normalized"":1.0,""champion_raw"":0,""normalized_difference"":""1/6"",""stage3_normalized"":0.8333333333333334,""stage3_raw"":1,""step"":2},{""champion_normalized"":1.0,""champion_raw"":0,""normalized_difference"":""1/6"",""stage3_normalized"":0.8333333333333334,""stage3_raw"":1,""step"":3},{""champion_normalized"":1.0,""champion_raw"":0,""normalized_difference"":""1/6"",""stage3_normalized"":0.8333333333333334,""stage3_raw"":1,""step"":4}]",7a4c1401838ad278fbeb5b63e1d2be97ae078db10974f302b7e6b2e3794e38ad,program-d5ad1c8203e0d9f25f03aabd,e444562c1b308e3b23cb732be5f769ea1923ac1809501cea8571318c4aff0a7b,2243214df58c805e9a9343dc31ed082279e1c2ac31b21243bf889dbc9a19e165,a5f540459695bbf7d454eeccbb8e48158d6130df6a769b67d1447de18276dc01,cef05bb644e2e0a9acbc4972fbaa6d4ba3e033ee8a73ecd756da44100c767f5c
o12-g0454-p4508,12,454,4508,32,0.859375,0.9166666666666666,-0.057291666666666664,55/64,11/12,-11/192,0,0,3,4,20,22,0,0,3,-11/6,10,6,"[{""champion_normalized"":0.6666666666666666,""champion_raw"":2,""normalized_difference"":""-1/6"",""stage3_normalized"":0.8333333333333334,""stage3_raw"":1,""step"":3},{""champion_normalized"":0.6666666666666666,""champion_raw"":2,""normalized_difference"":""-1/6"",""stage3_normalized"":0.8333333333333334,""stage3_raw"":1,""step"":4},{""champion_normalized"":0.6666666666666666,""champion_raw"":2,""normalized_difference"":""-1/6"",""stage3_normalized"":0.8333333333333334,""stage3_raw"":1,""step"":5},{""champion_normalized"":0.6666666666666666,""champion_raw"":2,""normalized_difference"":""-1/6"",""stage3_normalized"":0.8333333333333334,""stage3_raw"":1,""step"":6},{""champion_normalized"":0.6666666666666666,""champion_raw"":2,""normalized_difference"":""-1/6"",""stage3_normalized"":0.8333333333333334,""stage3_raw"":1,""step"":7},{""champion_normalized"":0.6666666666666666,""champion_raw"":2,""normalized_difference"":""-1/6"",""stage3_normalized"":0.8333333333333334,""stage3_raw"":1,""step"":8},{""champion_normalized"":0.6666666666666666,""champion_raw"":2,""normalized_difference"":""-1/6"",""stage3_normalized"":0.8333333333333334,""stage3_raw"":1,""step"":9},{""champion_normalized"":0.6666666666666666,""champion_raw"":2,""normalized_difference"":""-1/6"",""stage3_normalized"":0.8333333333333334,""stage3_raw"":1,""step"":10},{""champion_normalized"":0.6666666666666666,""champion_raw"":2,""normalized_difference"":""-1/6"",""stage3_normalized"":0.8333333333333334,""stage3_raw"":1,""step"":11},{""champion_normalized"":0.6666666666666666,""champion_raw"":2,""normalized_difference"":""-1/3"",""stage3_normalized"":1.0,""stage3_raw"":0,""step"":12}]",fbf906e50a2b04829a9515242fd811d0b21bfe8ee81fb976bc5146e1ee2ffec7,program-d5ad1c8203e0d9f25f03aabd,e444562c1b308e3b23cb732be5f769ea1923ac1809501cea8571318c4aff0a7b,2243214df58c805e9a9343dc31ed082279e1c2ac31b21243bf889dbc9a19e165,a5f540459695bbf7d454eeccbb8e48158d6130df6a769b67d1447de18276dc01,cef05bb644e2e0a9acbc4972fbaa6d4ba3e033ee8a73ecd756da44100c767f5c
o12-g0454-p4509,12,454,4509,32,0.8854166666666666,0.9010416666666666,-0.015625,85/96,173/192,-1/64,0,0,3,3,63,46,0,0,0,-1/2,6,6,"[{""champion_normalized"":0.3333333333333333,""champion_raw"":4,""normalized_difference"":""-1/3"",""stage3_normalized"":0.6666666666666666,""stage3_raw"":2,""step"":0},{""champion_normalized"":0.8333333333333334,""champion_raw"":1,""normalized_difference"":""1/6"",""stage3_normalized"":0.6666666666666666,""stage3_raw"":2,""step"":1},{""champion_normalized"":0.8333333333333334,""champion_raw"":1,""normalized_difference"":""1/6"",""stage3_normalized"":0.6666666666666666,""stage3_raw"":2,""step"":2},{""champion_normalized"":0.8333333333333334,""champion_raw"":1,""normalized_difference"":""-1/6"",""stage3_normalized"":1.0,""stage3_raw"":0,""step"":16},{""champion_normalized"":0.8333333333333334,""champion_raw"":1,""normalized_difference"":""-1/6"",""stage3_normalized"":1.0,""stage3_raw"":0,""step"":17},{""champion_normalized"":0.8333333333333334,""champion_raw"":1,""normalized_difference"":""-1/6"",""stage3_normalized"":1.0,""stage3_raw"":0,""step"":18}]",9548b94c30413cffcd4697d38e4c47899365451670a2eac855d42da05be3f331,program-d5ad1c8203e0d9f25f03aabd,e444562c1b308e3b23cb732be5f769ea1923ac1809501cea8571318c4aff0a7b,2243214df58c805e9a9343dc31ed082279e1c2ac31b21243bf889dbc9a19e165,a5f540459695bbf7d454eeccbb8e48158d6130df6a769b67d1447de18276dc01,cef05bb644e2e0a9acbc4972fbaa6d4ba3e033ee8a73ecd756da44100c767f5c
o12-g0454-p4510,12,454,4510,32,0.9635416666666666,0.9166666666666666,0.046875,185/192,11/12,3/64,0,0,4,4,23,16,0,0,2,3/2,9,6,"[{""champion_normalized"":0.8333333333333334,""champion_raw"":1,""normalized_difference"":""1/6"",""stage3_normalized"":0.6666666666666666,""stage3_raw"":2,""step"":2},{""champion_normalized"":1.0,""champion_raw"":0,""normalized_difference"":""1/6"",""stage3_normalized"":0.8333333333333334,""stage3_raw"":1,""step"":3},{""champion_normalized"":1.0,""champion_raw"":0,""normalized_difference"":""1/6"",""stage3_normalized"":0.8333333333333334,""stage3_raw"":1,""step"":4},{""champion_normalized"":1.0,""champion_raw"":0,""normalized_difference"":""1/6"",""stage3_normalized"":0.8333333333333334,""stage3_raw"":1,""step"":5},{""champion_normalized"":1.0,""champion_raw"":0,""normalized_difference"":""1/6"",""stage3_normalized"":0.8333333333333334,""stage3_raw"":1,""step"":6},{""champion_normalized"":1.0,""champion_raw"":0,""normalized_difference"":""1/6"",""stage3_normalized"":0.8333333333333334,""stage3_raw"":1,""step"":7},{""champion_normalized"":1.0,""champion_raw"":0,""normalized_difference"":""1/6"",""stage3_normalized"":0.8333333333333334,""stage3_raw"":1,""step"":8},{""champion_normalized"":1.0,""champion_raw"":0,""normalized_difference"":""1/6"",""stage3_normalized"":0.8333333333333334,""stage3_raw"":1,""step"":9},{""champion_normalized"":1.0,""champion_raw"":0,""normalized_difference"":""1/6"",""stage3_normalized"":0.8333333333333334,""stage3_raw"":1,""step"":10}]",7b3e3da829045b670715931ebde67134fdb28c1838b6ebf2638ad7201cdf789b,program-d5ad1c8203e0d9f25f03aabd,e444562c1b308e3b23cb732be5f769ea1923ac1809501cea8571318c4aff0a7b,2243214df58c805e9a9343dc31ed082279e1c2ac31b21243bf889dbc9a19e165,a5f540459695bbf7d454eeccbb8e48158d6130df6a769b67d1447de18276dc01,cef05bb644e2e0a9acbc4972fbaa6d4ba3e033ee8a73ecd756da44100c767f5c
o12-g0454-p4511,12,454,4511,32,0.8958333333333334,0.796875,0.09895833333333333,43/48,51/64,19/192,0,1,3,2,31,13,0,0,6,19/6,19,6,"[{""champion_normalized"":0.8333333333333334,""champion_raw"":1,""normalized_difference"":""1/6"",""stage3_normalized"":0.6666666666666666,""stage3_raw"":2,""step"":6},{""champion_normalized"":1.0,""champion_raw"":0,""normalized_difference"":""1/6"",""stage3_normalized"":0.8333333333333334,""stage3_raw"":1,""step"":14},{""champion_normalized"":1.0,""champion_raw"":0,""normalized_difference"":""1/6"",""stage3_normalized"":0.8333333333333334,""stage3_raw"":1,""step"":15},{""champion_normalized"":1.0,""champion_raw"":0,""normalized_difference"":""1/6"",""stage3_normalized"":0.8333333333333334,""stage3_raw"":1,""step"":16},{""champion_normalized"":1.0,""champion_raw"":0,""normalized_difference"":""1/6"",""stage3_normalized"":0.8333333333333334,""stage3_raw"":1,""step"":17},{""champion_normalized"":1.0,""champion_raw"":0,""normalized_difference"":""1/6"",""stage3_normalized"":0.8333333333333334,""stage3_raw"":1,""step"":18},{""champion_normalized"":1.0,""champion_raw"":0,""normalized_difference"":""1/6"",""stage3_normalized"":0.8333333333333334,""stage3_raw"":1,""step"":19},{""champion_normalized"":1.0,""champion_raw"":0,""normalized_difference"":""1/6"",""stage3_normalized"":0.8333333333333334,""stage3_raw"":1,""step"":20},{""champion_normalized"":1.0,""champion_raw"":0,""normalized_difference"":""1/6"",""stage3_normalized"":0.8333333333333334,""stage3_raw"":1,""step"":21},{""champion_normalized"":1.0,""champion_raw"":0,""normalized_difference"":""1/6"",""stage3_normalized"":0.8333333333333334,""stage3_raw"":1,""step"":22},{""champion_normalized"":1.0,""champion_raw"":0,""normalized_difference"":""1/6"",""stage3_normalized"":0.8333333333333334,""stage3_raw"":1,""step"":23},{""champion_normalized"":1.0,""champion_raw"":0,""normalized_difference"":""1/6"",""stage3_normalized"":0.8333333333333334,""stage3_raw"":1,""step"":24},{""champion_normalized"":1.0,""champion_raw"":0,""normalized_difference"":""1/6"",""stage3_normalized"":0.8333333333333334,""stage3_raw"":1,""step"":25},{""champion_normalized"":1.0,""champion_raw"":0,""normalized_difference"":""1/6"",""stage3_normalized"":0.8333333333333334,""stage3_raw"":1,""step"":26},{""champion_normalized"":1.0,""champion_raw"":0,""normalized_difference"":""1/6"",""stage3_normalized"":0.8333333333333334,""stage3_raw"":1,""step"":27},{""champion_normalized"":1.0,""champion_raw"":0,""normalized_difference"":""1/6"",""stage3_normalized"":0.8333333333333334,""stage3_raw"":1,""step"":28},{""champion_normalized"":1.0,""champion_raw"":0,""normalized_difference"":""1/6"",""stage3_normalized"":0.8333333333333334,""stage3_raw"":1,""step"":29},{""champion_normalized"":1.0,""champion_raw"":0,""normalized_difference"":""1/6"",""stage3_normalized"":0.8333333333333334,""stage3_raw"":1,""step"":30},{""champion_normalized"":1.0,""champion_raw"":0,""normalized_difference"":""1/6"",""stage3_normalized"":0.8333333333333334,""stage3_raw"":1,""step"":31}]",7835d2e4a3b2059bd18adf0ccc9ba285b404b681ce1c33f6b52fa8794b677795,program-d5ad1c8203e0d9f25f03aabd,e444562c1b308e3b23cb732be5f769ea1923ac1809501cea8571318c4aff0a7b,2243214df58c805e9a9343dc31ed082279e1c2ac31b21243bf889dbc9a19e165,a5f540459695bbf7d454eeccbb8e48158d6130df6a769b67d1447de18276dc01,cef05bb644e2e0a9acbc4972fbaa6d4ba3e033ee8a73ecd756da44100c767f5c
o12-g0454-p4512,12,454,4512,32,0.953125,0.9427083333333334,0.010416666666666666,61/64,181/192,1/96,0,0,2,4,21,34,0,0,0,1/3,4,6,"[{""champion_normalized"":0.5,""champion_raw"":3,""normalized_difference"":""1/3"",""stage3_normalized"":0.16666666666666666,""stage3_raw"":5,""step"":0},{""champion_normalized"":0.5,""champion_raw"":3,""normalized_difference"":""-1/3"",""stage3_normalized"":0.8333333333333334,""stage3_raw"":1,""step"":2},{""champion_normalized"":1.0,""champion_raw"":0,""normalized_difference"":""1/6"",""stage3_normalized"":0.8333333333333334,""stage3_raw"":1,""step"":3},{""champion_normalized"":1.0,""champion_raw"":0,""normalized_difference"":""1/6"",""stage3_normalized"":0.8333333333333334,""stage3_raw"":1,""step"":4}]",58b17cb1dc5f67d4bfd05ff9370063fec742b58429a45032fbb85e7c23032a23,program-d5ad1c8203e0d9f25f03aabd,e444562c1b308e3b23cb732be5f769ea1923ac1809501cea8571318c4aff0a7b,2243214df58c805e9a9343dc31ed082279e1c2ac31b21243bf889dbc9a19e165,a5f540459695bbf7d454eeccbb8e48158d6130df6a769b67d1447de18276dc01,cef05bb644e2e0a9acbc4972fbaa6d4ba3e033ee8a73ecd756da44100c767f5c
o12-g0454-p4513,12,454,4513,32,0.9375,0.828125,0.109375,15/16,53/64,7/64,0,1,4,2,23,22,0,0,0,7/2,31,6,"[{""champion_normalized"":0.5,""champion_raw"":3,""normalized_difference"":""-1/6"",""stage3_normalized"":0.6666666666666666,""stage3_raw"":2,""step"":0},{""champion_normalized"":0.5,""champion_raw"":3,""normalized_difference"":""-1/3"",""stage3_normalized"":0.8333333333333334,""stage3_raw"":1,""step"":1},{""champion_normalized"":0.5,""champion_raw"":3,""normalized_difference"":""-1/3"",""stage3_normalized"":0.8333333333333334,""stage3_raw"":1,""step"":2},{""champion_normalized"":0.6666666666666666,""champion_raw"":2,""normalized_difference"":""-1/6"",""stage3_normalized"":0.8333333333333334,""stage3_raw"":1,""step"":3},{""champion_normalized"":1.0,""champion_raw"":0,""normalized_difference"":""1/6"",""stage3_normalized"":0.8333333333333334,""stage3_raw"":1,""step"":5},{""champion_normalized"":1.0,""champion_raw"":0,""normalized_difference"":""1/6"",""stage3_normalized"":0.8333333333333334,""stage3_raw"":1,""step"":6},{""champion_normalized"":1.0,""champion_raw"":0,""normalized_difference"":""1/6"",""stage3_normalized"":0.8333333333333334,""stage3_raw"":1,""step"":7},{""champion_normalized"":1.0,""champion_raw"":0,""normalized_difference"":""1/6"",""stage3_normalized"":0.8333333333333334,""stage3_raw"":1,""step"":8},{""champion_normalized"":1.0,""champion_raw"":0,""normalized_difference"":""1/6"",""stage3_normalized"":0.8333333333333334,""stage3_raw"":1,""step"":9},{""champion_normalized"":1.0,""champion_raw"":0,""normalized_difference"":""1/6"",""stage3_normalized"":0.8333333333333334,""stage3_raw"":1,""step"":10},{""champion_normalized"":1.0,""champion_raw"":0,""normalized_difference"":""1/6"",""stage3_normalized"":0.8333333333333334,""stage3_raw"":1,""step"":11},{""champion_normalized"":1.0,""champion_raw"":0,""normalized_difference"":""1/6"",""stage3_normalized"":0.8333333333333334,""stage3_raw"":1,""step"":12},{""champion_normalized"":1.0,""champion_raw"":0,""normalized_difference"":""1/6"",""stage3_normalized"":0.8333333333333334,""stage3_raw"":1,""step"":13},{""champion_normalized"":1.0,""champion_raw"":0,""normalized_difference"":""1/6"",""stage3_normalized"":0.8333333333333334,""stage3_raw"":1,""step"":14},{""champion_normalized"":1.0,""champion_raw"":0,""normalized_difference"":""1/6"",""stage3_normalized"":0.8333333333333334,""stage3_raw"":1,""step"":15},{""champion_normalized"":1.0,""champion_raw"":0,""normalized_difference"":""1/6"",""stage3_normalized"":0.8333333333333334,""stage3_raw"":1,""step"":16},{""champion_normalized"":1.0,""champion_raw"":0,""normalized_difference"":""1/6"",""stage3_normalized"":0.8333333333333334,""stage3_raw"":1,""step"":17},{""champion_normalized"":1.0,""champion_raw"":0,""normalized_difference"":""1/6"",""stage3_normalized"":0.8333333333333334,""stage3_raw"":1,""step"":18},{""champion_normalized"":1.0,""champion_raw"":0,""normalized_difference"":""1/6"",""stage3_normalized"":0.8333333333333334,""stage3_raw"":1,""step"":19},{""champion_normalized"":1.0,""champion_raw"":0,""normalized_difference"":""1/6"",""stage3_normalized"":0.8333333333333334,""stage3_raw"":1,""step"":20},{""champion_normalized"":1.0,""champion_raw"":0,""normalized_difference"":""1/6"",""stage3_normalized"":0.8333333333333334,""stage3_raw"":1,""step"":21},{""champion_normalized"":1.0,""champion_raw"":0,""normalized_difference"":""1/6"",""stage3_normalized"":0.8333333333333334,""stage3_raw"":1,""step"":22},{""champion_normalized"":1.0,""champion_raw"":0,""normalized_difference"":""1/6"",""stage3_normalized"":0.8333333333333334,""stage3_raw"":1,""step"":23},{""champion_normalized"":1.0,""champion_raw"":0,""normalized_difference"":""1/6"",""stage3_normalized"":0.8333333333333334,""stage3_raw"":1,""step"":24},{""champion_normalized"":1.0,""champion_raw"":0,""normalized_difference"":""1/6"",""stage3_normalized"":0.8333333333333334,""stage3_raw"":1,""step"":25},{""champion_normalized"":1.0,""champion_raw"":0,""normalized_difference"":""1/6"",""stage3_normalized"":0.8333333333333334,""stage3_raw"":1,""step"":26},{""champion_normalized"":1.0,""champion_raw"":0,""normalized_difference"":""1/6"",""stage3_normalized"":0.8333333333333334,""stage3_raw"":1,""step"":27},{""champion_normalized"":1.0,""champion_raw"":0,""normalized_difference"":""1/6"",""stage3_normalized"":0.8333333333333334,""stage3_raw"":1,""step"":28},{""champion_normalized"":1.0,""champion_raw"":0,""normalized_difference"":""1/6"",""stage3_normalized"":0.8333333333333334,""stage3_raw"":1,""step"":29},{""champion_normalized"":1.0,""champion_raw"":0,""normalized_difference"":""1/6"",""stage3_normalized"":0.8333333333333334,""stage3_raw"":1,""step"":30},{""champion_normalized"":1.0,""champion_raw"":0,""normalized_difference"":""1/6"",""stage3_normalized"":0.8333333333333334,""stage3_raw"":1,""step"":31}]",448c417f9ca0f9845fabadd3ec629bc7edde2850d20e054cf6e1913feca9803b,program-d5ad1c8203e0d9f25f03aabd,e444562c1b308e3b23cb732be5f769ea1923ac1809501cea8571318c4aff0a7b,2243214df58c805e9a9343dc31ed082279e1c2ac31b21243bf889dbc9a19e165,a5f540459695bbf7d454eeccbb8e48158d6130df6a769b67d1447de18276dc01,cef05bb644e2e0a9acbc4972fbaa6d4ba3e033ee8a73ecd756da44100c767f5c
o12-g0454-p4514,12,454,4514,32,0.9791666666666666,0.921875,0.057291666666666664,47/48,59/64,11/192,0,0,3,4,18,23,0,0,0,11/6,10,6,"[{""champion_normalized"":0.6666666666666666,""champion_raw"":2,""normalized_difference"":""1/3"",""stage3_normalized"":0.3333333333333333,""stage3_raw"":4,""step"":0},{""champion_normalized"":0.8333333333333334,""champion_raw"":1,""normalized_difference"":""1/6"",""stage3_normalized"":0.6666666666666666,""stage3_raw"":2,""step"":1},{""champion_normalized"":1.0,""champion_raw"":0,""normalized_difference"":""1/6"",""stage3_normalized"":0.8333333333333334,""stage3_raw"":1,""step"":3},{""champion_normalized"":1.0,""champion_raw"":0,""normalized_difference"":""1/6"",""stage3_normalized"":0.8333333333333334,""stage3_raw"":1,""step"":4},{""champion_normalized"":1.0,""champion_raw"":0,""normalized_difference"":""1/6"",""stage3_normalized"":0.8333333333333334,""stage3_raw"":1,""step"":5},{""champion_normalized"":1.0,""champion_raw"":0,""normalized_difference"":""1/6"",""stage3_normalized"":0.8333333333333334,""stage3_raw"":1,""step"":6},{""champion_normalized"":1.0,""champion_raw"":0,""normalized_difference"":""1/6"",""stage3_normalized"":0.8333333333333334,""stage3_raw"":1,""step"":7},{""champion_normalized"":1.0,""champion_raw"":0,""normalized_difference"":""1/6"",""stage3_normalized"":0.8333333333333334,""stage3_raw"":1,""step"":8},{""champion_normalized"":1.0,""champion_raw"":0,""normalized_difference"":""1/6"",""stage3_normalized"":0.8333333333333334,""stage3_raw"":1,""step"":9},{""champion_normalized"":1.0,""champion_raw"":0,""normalized_difference"":""1/6"",""stage3_normalized"":0.8333333333333334,""stage3_raw"":1,""step"":10}]",b8cf34b2450d26dff39b07052f7846ce153a18a71fae2aee9792660b071dc544,program-d5ad1c8203e0d9f25f03aabd,e444562c1b308e3b23cb732be5f769ea1923ac1809501cea8571318c4aff0a7b,2243214df58c805e9a9343dc31ed082279e1c2ac31b21243bf889dbc9a19e165,a5f540459695bbf7d454eeccbb8e48158d6130df6a769b67d1447de18276dc01,cef05bb644e2e0a9acbc4972fbaa6d4ba3e033ee8a73ecd756da44100c767f5c
o12-g0454-p4515,12,454,4515,32,0.9635416666666666,0.9114583333333334,0.052083333333333336,185/192,175/192,5/96,0,0,3,3,36,32,0,0,0,5/3,14,6,"[{""champion_normalized"":0.5,""champion_raw"":3,""normalized_difference"":""-1/6"",""stage3_normalized"":0.6666666666666666,""stage3_raw"":2,""step"":0},{""champion_normalized"":0.6666666666666666,""champion_raw"":2,""normalized_difference"":""-1/6"",""stage3_normalized"":0.8333333333333334,""stage3_raw"":1,""step"":2},{""champion_normalized"":1.0,""champion_raw"":0,""normalized_difference"":""1/6"",""stage3_normalized"":0.8333333333333334,""stage3_raw"":1,""step"":3},{""champion_normalized"":1.0,""champion_raw"":0,""normalized_difference"":""1/6"",""stage3_normalized"":0.8333333333333334,""stage3_raw"":1,""step"":4},{""champion_normalized"":1.0,""champion_raw"":0,""normalized_difference"":""1/6"",""stage3_normalized"":0.8333333333333334,""stage3_raw"":1,""step"":5},{""champion_normalized"":1.0,""champion_raw"":0,""normalized_difference"":""1/6"",""stage3_normalized"":0.8333333333333334,""stage3_raw"":1,""step"":6},{""champion_normalized"":1.0,""champion_raw"":0,""normalized_difference"":""1/6"",""stage3_normalized"":0.8333333333333334,""stage3_raw"":1,""step"":7},{""champion_normalized"":1.0,""champion_raw"":0,""normalized_difference"":""1/6"",""stage3_normalized"":0.8333333333333334,""stage3_raw"":1,""step"":8},{""champion_normalized"":1.0,""champion_raw"":0,""normalized_difference"":""1/6"",""stage3_normalized"":0.8333333333333334,""stage3_raw"":1,""step"":9},{""champion_normalized"":1.0,""champion_raw"":0,""normalized_difference"":""1/6"",""stage3_normalized"":0.8333333333333334,""stage3_raw"":1,""step"":10},{""champion_normalized"":1.0,""champion_raw"":0,""normalized_difference"":""1/6"",""stage3_normalized"":0.8333333333333334,""stage3_raw"":1,""step"":11},{""champion_normalized"":1.0,""champion_raw"":0,""normalized_difference"":""1/6"",""stage3_normalized"":0.8333333333333334,""stage3_raw"":1,""step"":12},{""champion_normalized"":1.0,""champion_raw"":0,""normalized_difference"":""1/6"",""stage3_normalized"":0.8333333333333334,""stage3_raw"":1,""step"":13},{""champion_normalized"":1.0,""champion_raw"":0,""normalized_difference"":""1/6"",""stage3_normalized"":0.8333333333333334,""stage3_raw"":1,""step"":14}]",155ffe385dab9ca8ec11e94e8cd1eb15f2f4983c7b65c50af81962c0e7d232a1,program-d5ad1c8203e0d9f25f03aabd,e444562c1b308e3b23cb732be5f769ea1923ac1809501cea8571318c4aff0a7b,2243214df58c805e9a9343dc31ed082279e1c2ac31b21243bf889dbc9a19e165,a5f540459695bbf7d454eeccbb8e48158d6130df6a769b67d1447de18276dc01,cef05bb644e2e0a9acbc4972fbaa6d4ba3e033ee8a73ecd756da44100c767f5c
o12-g0454-p4516,12,454,4516,32,0.890625,0.9010416666666666,-0.010416666666666666,57/64,173/192,-1/96,0,0,5,5,24,24,0,0,9,-1/3,2,6,"[{""champion_normalized"":0.8333333333333334,""champion_raw"":1,""normalized_difference"":""-1/6"",""stage3_normalized"":1.0,""stage3_raw"":0,""step"":9},{""champion_normalized"":0.8333333333333334,""champion_raw"":1,""normalized_difference"":""-1/6"",""stage3_normalized"":1.0,""stage3_raw"":0,""step"":10}]",b5b3a1f24650fe0204d92a0172476ab4692c9e9a5bfadecc85adabefba2621c3,program-d5ad1c8203e0d9f25f03aabd,e444562c1b308e3b23cb732be5f769ea1923ac1809501cea8571318c4aff0a7b,2243214df58c805e9a9343dc31ed082279e1c2ac31b21243bf889dbc9a19e165,a5f540459695bbf7d454eeccbb8e48158d6130df6a769b67d1447de18276dc01,cef05bb644e2e0a9acbc4972fbaa6d4ba3e033ee8a73ecd756da44100c767f5c
